Title,KM Driven,Fuel,Transmission,Price,Old Price,Savings,Location,Image,Car Link
2024 Kia Seltos HTX Diesel iMT,"13,000 kms",Diesel,Automatic,₹17 Lakh,,,"City, Pune",https://images10.gaadi.com/usedcar_image/4801033/original/processed_processed_c86402b1-ba73-4efd-b0b8-43bdf9213f1c.jpg?imwidth=640,https://www.cardekho.com/used-car-details/used-Kia-seltos-htx-diesel-imt-cars-Pune_fd3b070c-05ee-419f-b454-8f9656ff46fa.htm?adId=12736&adType=41
2022 Kia Seltos GTX Option,"23,142 kms",Petrol,Manual,₹14.83 Lakh,,,"Wakad, Pune",https://images10.gaadi.com/usedcar_image/4921870/original/baaac70349f894c720a0c54bff331e5b.JPG?imwidth=640,https://www.cardekho.com/buy-used-car-details/used-Kia-seltos-gtx-option-cars-Pune_fc8f4eac-9812-4b14-a1a6-3363fbd12f50.htm
2023 Honda Amaze V CVT,"9,434 kms",Petrol,Automatic,₹8.45 Lakh,,,"Wakad, Pune",https://images10.gaadi.com/usedcar_image/4820363/original/2de64d48b75b9ee3ec14f44ccd9338ad.JPG?imwidth=640,https://www.cardekho.com/buy-used-car-details/used-Honda-amaze-v-cvt-cars-Pune_64b91f3c-f0a3-4028-bb86-11626a43c879.htm
2023 Kia Sonet HTX Turbo iMT,"24,978 kms",Petrol,Manual,₹9.62 Lakh,₹9.73 Lakh,"(Save ₹11,000)","Hadapsar, Pune",https://stimg.cardekho.com/pwa/img/spacer3x2.png,https://www.cardekho.com/buy-used-car-details/used-Kia-sonet-htx-turbo-imt-cars-Pune_327b71ab-78fa-414d-80e3-1dfa39e06945.htm
2025 MG Windsor EV Exclusive,"20,000 kms",Electric,Automatic,₹14.75 Lakh,,,"Infotech Park, Pune",https://stimg.cardekho.com/pwa/img/spacer3x2.png,https://www.cardekho.com/used-car-details/used-Mg-windsor-ev-exclusive-cars-Pune_eb73baff-0348-4ec8-a9aa-5e5597598891.htm?adId=13985&adType=41
2023 Hyundai Venue S 2023-2025,"26,525 kms",Petrol,Manual,₹7.05 Lakh,₹7.38 Lakh,"(Save ₹32,699)","Thathawade, Pune",https://stimg.cardekho.com/pwa/img/spacer3x2.png,https://www.cardekho.com/buy-used-car-details/used-Hyundai-venue-s-2023-2025-cars-Pune_0f1cfa83-e72a-4db2-bc1f-d6f2fdd1acfb.htm
2022 Kia Sonet HTK Plus BSVI,"23,658 kms",Petrol,Manual,₹7.58 Lakh,,,"Thathawade, Pune",https://stimg.cardekho.com/pwa/img/spacer3x2.png,https://www.cardekho.com/buy-used-car-details/used-Kia-sonet-htk-plus-bsvi-cars-Pune_4fb86231-6d2b-494c-8726-48b3c8b6ee3e.htm
2022 Maruti Dzire ZXI Plus,"29,656 kms",Petrol,Manual,₹7.22 Lakh,,,"Wagholi, Pune",https://stimg.cardekho.com/pwa/img/spacer3x2.png,https://www.cardekho.com/buy-used-car-details/used-Maruti-dzire-zxi-plus-cars-Pune_f6bfea2b-ead1-436b-acb9-06f9a3277137.htm
2023 Maruti Grand Vitara Zeta AT,"31,000 kms",Petrol,Automatic,₹12 Lakh,,,"Deccan Gymkhana, Pune",https://stimg.cardekho.com/pwa/img/spacer3x2.png,https://www.cardekho.com/used-car-details/used-Maruti-grand-vitara-zeta-at-cars-Pune_f224e8b5-5894-4cb9-81fe-170831b72e61.htm?adId=13286&adType=41
2022 Hyundai Tucson Signature AT BSVI,"50,000 kms",Petrol,Automatic,₹22.50 Lakh,,,"Deccan Gymkhana, Pune",https://stimg.cardekho.com/pwa/img/spacer3x2.png,https://www.cardekho.com/used-car-details/used-Hyundai-tucson-signature-at-bsvi-cars-Pune_3f4dd6c8-8400-4baf-9ec3-dd3ef517e96d.htm
2016 Hyundai Creta 1.4 CRDi S,"60,000 kms",Diesel,Manual,₹9 Lakh,,,"Anandnagar, Pune",https://stimg.cardekho.com/pwa/img/spacer3x2.png,https://www.cardekho.com/used-car-details/used-Hyundai-creta-14-crdi-s-cars-Pune_cfd41ecb-6d15-4f53-8e2c-deb6fff59519.htm
2017 Maruti Celerio VXI AT,"50,000 kms",Petrol,Automatic,₹3.10 Lakh,,,"Infotech Park, Pune",https://stimg.cardekho.com/pwa/img/spacer3x2.png,https://www.cardekho.com/used-car-details/used-Maruti-celerio-vxi-at-cars-Pune_098fdc58-aafb-44e2-9792-5a27f56ec178.htm
,,,,,,,,https://stimg.cardekho.com/pwa/img/spacer3x2.png,https://www.cardekho.com/used-car-details/used-Volkswagen-polo-12-mpi-trendline-cars-Pune_2c68572c-dc3d-4490-818c-fc4f265e37da.htm
,,,,,,,,https://stimg.cardekho.com/pwa/img/spacer3x2.png,https://www.cardekho.com/used-car-details/used-Maruti-eeco-7-seater-standard-bsiv-cars-Pune_f9c022ca-508c-4221-92db-1cbecc4d6257.htm
,,,,,,,,https://stimg.cardekho.com/pwa/img/spacer3x2.png,https://www.cardekho.com/used-car-details/used-Maruti-eeco-5-seater-ac-cng-cars-Pune_4a99674a-2cec-4542-83f8-da5ba78f67b2.htm
,,,,,,,,https://stimg.cardekho.com/pwa/img/spacer3x2.png,https://www.cardekho.com/used-car-details/used-Maruti-eeco-7-seater-standard-bsiv-cars-Pune_3c23a648-5863-43ed-b469-275372d21294.htm
,,,,,,,,https://stimg.cardekho.com/pwa/img/spacer3x2.png,https://www.cardekho.com/used-car-details/used-Tata-nexon-12-revotron-xza-plus-cars-Pune_22a909f3-3c54-4763-9dca-b36bfc9285c3.htm
2013 Maruti Swift VXI,"49,000 kms",Petrol,Manual,₹3.40 Lakh,,,"Rahatani, Pune",https://stimg.cardekho.com/pwa/img/spacer3x2.png,https://www.cardekho.com/used-car-details/used-Maruti-swift-vxi-cars-Pune_06ce95f5-8688-41da-b05b-4bae79fbc4cb.htm
2021 Kia Seltos HTX,"25,645 kms",Petrol,Manual,₹8.84 Lakh,,,"Wakad, Pune",https://stimg.cardekho.com/pwa/img/spacer3x2.png,https://www.cardekho.com/buy-used-car-details/used-Kia-seltos-htx-cars-Pune_8c5ed035-3168-4a0d-80a5-543e87dc14a8.htm
2015 Honda Jazz 1.2 V i VTEC,"32,000 kms",Petrol,Manual,₹4.50 Lakh,,,"Rahatani, Pune",https://stimg.cardekho.com/pwa/img/spacer3x2.png,https://www.cardekho.com/used-car-details/used-Honda-jazz-12-v-i-vtec-cars-Pune_1937c4fc-6263-47fa-9409-534383b2b21f.htm
2024 Tata Nexon Creative Dark Diesel AMT,"10,000 kms",Diesel,Automatic,₹13 Lakh,,,"Hadapsar, Pune",https://stimg.cardekho.com/pwa/img/spacer3x2.png,https://www.cardekho.com/used-car-details/used-Tata-nexon-creative-dark-diesel-amt-cars-Pune_28c86a3e-5ec4-4abd-bdb6-0d60c83ea9a0.htm?adId=13905&adType=41
2022 Maruti Celerio VXI CNG,"24,700 kms",CNG,Manual,₹5.29 Lakh,₹5.34 Lakh,"(Save ₹5,000)","Hadapsar, Pune",https://stimg.cardekho.com/pwa/img/spacer3x2.png,https://www.cardekho.com/buy-used-car-details/used-Maruti-celerio-vxi-cng-cars-Pune_27eebe59-4349-40f9-9e80-8887aca58db5.htm
2024 Maruti FRONX Delta CNG,"7,835 kms",CNG,Manual,₹8.30 Lakh,,,"Thathawade, Pune",https://stimg.cardekho.com/pwa/img/spacer3x2.png,https://www.cardekho.com/buy-used-car-details/used-Maruti-fronx-delta-cng-cars-Pune_4cab9a3d-7e99-48d6-a737-7ee4c884b9be.htm
2022 Skoda Kushaq 1.0 TSI Style,"42,182 kms",Petrol,Manual,₹12.65 Lakh,,,"Hadapsar, Pune",https://images10.gaadi.com/usedcar_image/4934022/original/0da514e7f609c5def30b859be2ec6049.JPG?imwidth=640,https://www.cardekho.com/buy-used-car-details/used-Skoda-kushaq-10-tsi-style-cars-Pune_f5abb8da-dec3-4b7a-8e6a-95bbf9637b4b.htm
2023 Kia Seltos X-Line DCT,"30,000 kms",Petrol,Automatic,₹15 Lakh,,,"Kothrud, Pune",https://images10.gaadi.com/usedcar_image/4853594/original/processed_acf65a39-5f80-4a21-bd5c-5d0faaf0d88c.jpeg?imwidth=640,https://www.cardekho.com/used-car-details/used-Kia-seltos-x-line-dct-cars-Pune_d0346209-1045-4c95-af3d-1a4fccb769e4.htm?adId=13588&adType=41
2023 Honda Amaze 2nd Gen VX,"14,051 kms",Petrol,Manual,₹7.67 Lakh,,,"Wakad, Pune",https://images10.gaadi.com/usedcar_image/4828508/original/ac756d715d765431647c3b823e0640e3.JPG?imwidth=640,https://www.cardekho.com/buy-used-car-details/used-Honda-amaze-2nd-gen-vx-cars-Pune_6d983420-4930-4868-89c2-e9d967392423.htm
2019 Hyundai Xcent Petrol,"43,438 kms",Petrol,Manual,₹5.14 Lakh,,,"Pashan, Pune",https://images10.gaadi.com/usedcar_image/4934021/original/46ec4697b129dd68704184ab60a9f05a.JPG?imwidth=640,https://www.cardekho.com/buy-used-car-details/used-Hyundai-xcent-petrol-cars-Pune_814db6e2-4793-4eff-8f15-4bde5edfb427.htm
2014 Maruti Ritz VXi,"35,189 kms",Petrol,Manual,₹3.13 Lakh,,,"Wagholi, Pune",https://images10.gaadi.com/usedcar_image/4934002/original/e0c60d1b5de9d3b2d5c7ab939042f86c.JPG?imwidth=640,https://www.cardekho.com/buy-used-car-details/used-Maruti-ritz-vxi-cars-Pune_108a0120-5b0c-4e2a-ab21-4368f32b9e5d.htm
2023 Volkswagen Taigun 1.0 Topline AT,"32,000 kms",Petrol,Automatic,₹13.50 Lakh,,,"Kothrud, Pune",https://images10.gaadi.com/usedcar_image/4836344/original/processed_1098202df8ddd3160a7556a0db7be4a7.jpeg?imwidth=640,https://www.cardekho.com/used-car-details/used-Volkswagen-taigun-10-topline-at-cars-Pune_899fa047-9e83-4cdf-9ce5-701a7086a2f5.htm?adId=13067&adType=41
2023 Honda Amaze 2nd Gen VX,"14,051 kms",Petrol,Manual,₹7.67 Lakh,,,"Wakad, Pune",https://images10.gaadi.com/usedcar_image/4828508/original/ac756d715d765431647c3b823e0640e3.JPG?imwidth=640,https://www.cardekho.com/buy-used-car-details/used-Honda-amaze-2nd-gen-vx-cars-Pune_6d983420-4930-4868-89c2-e9d967392423.htm
2019 Hyundai Xcent Petrol,"43,438 kms",Petrol,Manual,₹5.14 Lakh,,,"Pashan, Pune",https://images10.gaadi.com/usedcar_image/4934021/original/46ec4697b129dd68704184ab60a9f05a.JPG?imwidth=640,https://www.cardekho.com/buy-used-car-details/used-Hyundai-xcent-petrol-cars-Pune_814db6e2-4793-4eff-8f15-4bde5edfb427.htm
2015 Honda City V MT,"66,786 kms",Petrol,Manual,₹5.20 Lakh,,,"Wakad, Pune",https://images10.gaadi.com/usedcar_image/4921883/original/c600611856f310106a7c97852d14b293.JPG?imwidth=640,https://www.cardekho.com/buy-used-car-details/used-Honda-city-v-mt-cars-Pune_755e83e8-73e9-4086-8d1c-22c6598c4eca.htm
2025 Tata Punch EV Empowered Plus LR,"9,823 kms",Electric,Automatic,₹14.37 Lakh,,,"Mohamadwadi, Pune",https://stimg.cardekho.com/pwa/img/spacer3x2.png,https://www.cardekho.com/used-car-details/used-Tata-punch-ev-empowered-plus-lr-cars-Pune_00701739-b48c-49dc-84c7-cb8cc8996ee8.htm?adId=15823&adType=41
2015 Hyundai Grand i10 Asta Option,"46,828 kms",Petrol,Manual,₹3.82 Lakh,,,"Thathawade, Pune",https://stimg.cardekho.com/pwa/img/spacer3x2.png,https://www.cardekho.com/buy-used-car-details/used-Hyundai-grand-i10-asta-option-cars-Pune_057a3c55-0992-4dce-b4d8-c2af328be764.htm
2014 Maruti Ritz VXi,"35,189 kms",Petrol,Manual,₹3.13 Lakh,,,"Wagholi, Pune",https://stimg.cardekho.com/pwa/img/spacer3x2.png,https://www.cardekho.com/buy-used-car-details/used-Maruti-ritz-vxi-cars-Pune_108a0120-5b0c-4e2a-ab21-4368f32b9e5d.htm
2022 Hyundai Venue SX BSVI,"22,820 kms",Petrol,Manual,₹8.68 Lakh,,,"Hadapsar, Pune",https://images10.gaadi.com/usedcar_image/4917753/original/515adc348ed30a6bee2f13c21c310370.JPG?imwidth=640,https://www.cardekho.com/buy-used-car-details/used-Hyundai-venue-sx-bsvi-cars-Pune_48b1ec77-ae34-4034-aa70-b3d7956a184e.htm
2022 Tata Nexon EV XZ Plus,"70,000 kms",Electric,Automatic,₹8.75 Lakh,,,"Viman Nagar, Pune",https://images10.gaadi.com/usedgaadi-sellcar/UsedCar/k5288245a/c1b71bcd-6729-4b1e-a320-4182ed501cf4.jpeg?imwidth=640,https://www.cardekho.com/used-car-details/used-Tata-nexon-ev-xz-plus-cars-Pune_729b5e6a-20f7-4e93-94f1-97127ad6bc73.htm?adId=15200&adType=41
2023 Mahindra Thar LX 4WD Hard Top AT BSVI,"15,000 kms",Petrol,Automatic,₹13.95 Lakh,,,"Bavdhan, Pune",https://images10.gaadi.com/usedcar_image/4908416/original/processed_7fd09cb57f079b80d1f8c06f267569b9.jpg?imwidth=640,https://www.cardekho.com/used-car-details/used-Mahindra-thar-lx-4wd-hard-top-at-bsvi-cars-Pune_607ebf93-0622-4a99-8cd8-d430e46e00f7.htm
2020 Hyundai Venue SX Diesel,"65,495 kms",Diesel,Manual,₹8.41 Lakh,,,"Hadapsar, Pune",https://images10.gaadi.com/usedcar_image/4932170/original/6ea3c52d65aedfb911d7686cce6ff193.JPG?imwidth=640,https://www.cardekho.com/buy-used-car-details/used-Hyundai-venue-sx-diesel-cars-Pune_e0638a7a-d381-4496-a8d7-a5d2c1d9e227.htm
2019 Hyundai Creta 1.6 EX Petrol,"61,811 kms",Petrol,Manual,₹8.45 Lakh,₹9.14 Lakh,"(Save ₹69,673)","Thathawade, Pune",https://images10.gaadi.com/usedcar_image/4916452/original/4b510ae882566b64353e70631dfab6e3.jpg?imwidth=640,https://www.cardekho.com/buy-used-car-details/used-Hyundai-creta-16-ex-petrol-cars-Pune_b75f095b-2cd4-4af1-a294-1c9f50dc3ed0.htm
2013 Maruti Swift Dzire VXI,"1,27,300 kms",Petrol,Manual,₹3.20 Lakh,,,"Kiwale, Pune",https://images10.gaadi.com/usedcar_image/4931391/original/processed_02bb618c-57b8-4c64-8591-c3e4f4154a9f.jpeg?imwidth=640,https://www.cardekho.com/used-car-details/used-Maruti-swift-dzire-vxi-cars-Pune_b83496f4-d9b4-474b-a741-715daac0f8c0.htm?adId=15957&adType=41
2019 Renault Duster 110PS Diesel RxS AMT,"67,000 kms",Diesel,Automatic,₹6.75 Lakh,,,"Rahatani, Pune",https://stimg.cardekho.com/pwa/img/spacer3x2.png,https://www.cardekho.com/used-car-details/used-Renault-duster-110ps-diesel-rxs-amt-cars-Pune_664091a8-ea70-476a-b0ae-d5ab2e3be3a8.htm
2022 Toyota Urban cruiser Mid AT,"25,057 kms",Petrol,Automatic,₹7.75 Lakh,,,"Dapodi, Pune",https://stimg.cardekho.com/pwa/img/spacer3x2.png,https://www.cardekho.com/used-car-details/used-Toyota-urban-cruiser-mid-at-cars-Pune_5767688e-7293-4db2-8554-9096bafc7b05.htm
2016 Maruti Ciaz VXi,"59,591 kms",Petrol,Manual,₹5.09 Lakh,,,"Pashan, Pune",https://stimg.cardekho.com/pwa/img/spacer3x2.png,https://www.cardekho.com/buy-used-car-details/used-Maruti-ciaz-vxi-cars-Pune_cf656b16-25a8-45dd-8dab-8139d15142b3.htm
2020 Hyundai i20 Asta IVT,"40,000 kms",Petrol,Automatic,₹8.15 Lakh,,,Pune,https://stimg.cardekho.com/pwa/img/spacer3x2.png,https://www.cardekho.com/used-car-details/used-Hyundai-i20-asta-ivt-cars-Pune_f35fbded-815e-40df-90f3-06f687d5b168.htm?adId=14880&adType=41
2022 Honda WR-V i-VTEC S,"49,367 kms",Petrol,Manual,₹5.50 Lakh,₹5.56 Lakh,"(Save ₹6,000)","Hadapsar, Pune",https://stimg.cardekho.com/pwa/img/spacer3x2.png,https://www.cardekho.com/buy-used-car-details/used-Honda-wr-v-i-vtec-s-cars-Pune_7ef65e66-6756-4c73-b5ee-0517fddb1822.htm
2021 Maruti Baleno Delta,"39,343 kms",Petrol,Manual,₹5.75 Lakh,₹5.79 Lakh,"(Save ₹3,573)","Thathawade, Pune",https://stimg.cardekho.com/pwa/img/spacer3x2.png,https://www.cardekho.com/buy-used-car-details/used-Maruti-baleno-delta-cars-Pune_001b6c73-eb05-4f5d-b780-da311550f3e5.htm
2022 Kia Seltos HTX,"18,489 kms",Petrol,Manual,₹9.74 Lakh,,,"Wakad, Pune",https://images10.gaadi.com/usedcar_image/4759291/original/63938e3859d1e99dc31bf5791e258b17.JPG?imwidth=640,https://www.cardekho.com/buy-used-car-details/used-Kia-seltos-htx-cars-Pune_d983e2d0-f47e-48ed-ab91-7db705a5b13c.htm
2016 Audi Q7 45 TDI Quattro Technology,"1,50,000 kms",Diesel,Automatic,₹25 Lakh,,,"Wakad, Pune",https://images10.gaadi.com/usedcar_image/4924940/original/processed_63f5451b-6043-4ad5-b32c-bd10517827f4.jpg?imwidth=640,https://www.cardekho.com/used-car-details/used-Audi-q7-45-tdi-quattro-technology-cars-Pune_25f09347-b825-4c59-a656-00fc8515f30b.htm?adId=15739&adType=41
2021 Renault Kiger RXZ Turbo CVT DT,"22,943 kms",Petrol,Automatic,₹7.70 Lakh,,,"Hadapsar, Pune",https://images10.gaadi.com/usedcar_image/4856027/original/a1d41a0e9d5b63785cf101ddad2f9bb4.JPG?imwidth=640,https://www.cardekho.com/buy-used-car-details/used-Renault-kiger-rxz-turbo-cvt-dt-cars-Pune_a3e75e35-5b04-4bed-8876-e843eaf7835c.htm
2023 Maruti Brezza Zxi,"7,742 kms",Petrol,Manual,₹10.49 Lakh,,,"Wakad, Pune",https://images10.gaadi.com/usedcar_image/4916188/original/ddbc47f55e0b0c614d691cd774c8c9b0.JPG?imwidth=640,https://www.cardekho.com/buy-used-car-details/used-Maruti-brezza-zxi-cars-Pune_ce5b0378-cbfc-4424-af98-4e20e09462fc.htm
2021 Maruti S-Presso VXI 2019-2022,"41,352 kms",Petrol,Manual,₹3.95 Lakh,,,"Hadapsar, Pune",https://images10.gaadi.com/usedcar_image/4934043/original/3e1992f007965b6abca6a03fa8d6c106.JPG?imwidth=640,https://www.cardekho.com/buy-used-car-details/used-Maruti-s-presso-vxi-2019-2022-cars-Pune_536a99e8-b09e-4d48-b46c-73ba468e9d92.htm
2022 Hyundai Tucson Signature AT BSVI,"50,000 kms",Petrol,Automatic,₹22.50 Lakh,,,"Deccan Gymkhana, Pune",https://images10.gaadi.com/usedcar_image/4865593/original/processed_eb34fa7c-c6b3-433d-8e3c-7dddf55bf2bb.jpg?imwidth=640,https://www.cardekho.com/used-car-details/used-Hyundai-tucson-signature-at-bsvi-cars-Pune_3f4dd6c8-8400-4baf-9ec3-dd3ef517e96d.htm?adId=14176&adType=41
2021 Kia Seltos HTX,"23,941 kms",Petrol,Manual,₹8.80 Lakh,,,"Wakad, Pune",https://images10.gaadi.com/usedcar_image/4854242/original/ae82de02aacc30e2d592a499443343c8.JPG?imwidth=640,https://www.cardekho.com/buy-used-car-details/used-Kia-seltos-htx-cars-Pune_9a18677c-c38f-4d93-b772-532e5d1772aa.htm
2022 Maruti Ignis 1.2 Sigma BSIV,"21,481 kms",Petrol,Manual,₹4.48 Lakh,,,"Wakad, Pune",https://images10.gaadi.com/usedcar_image/4933989/original/c964d6d51e04ae41f25af423146c1e72.JPG?imwidth=640,https://www.cardekho.com/buy-used-car-details/used-Maruti-ignis-12-sigma-bsiv-cars-Pune_619bc4fd-f964-4f81-880b-79d599e785f3.htm
2014 Hyundai Grand i10 1.2 Kappa Asta,"33,238 kms",Petrol,Manual,₹3.99 Lakh,,,"Wakad, Pune",https://images10.gaadi.com/usedcar_image/4926041/original/0f3b30e035746dbf904cdd0c9898b327.JPG?imwidth=640,https://www.cardekho.com/buy-used-car-details/used-Hyundai-grand-i10-12-kappa-asta-cars-Pune_80e77b3e-3557-4f42-b3b0-70c9a0dea513.htm
2024 Tata Altroz XM Plus CNG,"7,076 kms",CNG,Manual,₹8.20 Lakh,,,"Nimgaon Khed, Pune",https://images10.gaadi.com/usedcar_image/4882263/original/processed_processed_processed_processed_77eecec7-81c8-4d4a-91cd-d9ae48b5c7f9.jpeg?imwidth=640,https://www.cardekho.com/used-car-details/used-Tata-altroz-xm-plus-cng-cars-Pune_bbff17ba-671c-4fcf-848e-0b5aaf975c6b.htm?adId=14364&adType=41
2018 Hyundai Grand i10 1.2 Kappa Sportz BSIV,"21,518 kms",Petrol,Manual,₹4.50 Lakh,,,"Wakad, Pune",https://images10.gaadi.com/usedcar_image/4917762/original/569e0538a3c63fdac016db50dfff4862.JPG?imwidth=640,https://www.cardekho.com/buy-used-car-details/used-Hyundai-grand-i10-12-kappa-sportz-bsiv-cars-Pune_53bee9b1-cc1b-4f0d-8a4e-0d9b77cf61db.htm
2022 Renault Kiger RXE,"39,361 kms",Petrol,Manual,₹4.35 Lakh,₹5.14 Lakh,"(Save ₹79,299)","Thathawade, Pune",https://images10.gaadi.com/usedcar_image/4909918/original/be45340e0ae22bad1b9f9930897ea25f.jpg?imwidth=640,https://www.cardekho.com/buy-used-car-details/used-Renault-kiger-rxe-cars-Pune_7600891f-c4cf-4321-b3ac-3785b1f5dddb.htm
2023 Honda Amaze VX CVT Petrol,"9,661 kms",Petrol,Automatic,₹8.42 Lakh,,,"Wakad, Pune",https://stimg.cardekho.com/pwa/img/spacer3x2.png,https://www.cardekho.com/buy-used-car-details/used-Honda-amaze-vx-cvt-petrol-cars-Pune_81efaab8-8d18-4736-8f81-717b4064b457.htm
2016 Ford Ecosport 1.5 TDCi Titanium BSIV,"1,12,000 kms",Diesel,Manual,₹5.50 Lakh,,,"Yerwada, Pune",https://stimg.cardekho.com/pwa/img/spacer3x2.png,https://www.cardekho.com/used-car-details/used-Ford-ecosport-15-tdci-titanium-bsiv-cars-Pune_3d406338-ea1e-4d76-8fae-ea9e34237c02.htm?adId=14810&adType=41
2022 Hyundai Venue SX BSVI,"20,153 kms",Petrol,Manual,₹8.86 Lakh,₹8.93 Lakh,"(Save ₹7,000)","Hadapsar, Pune",https://stimg.cardekho.com/pwa/img/spacer3x2.png,https://www.cardekho.com/buy-used-car-details/used-Hyundai-venue-sx-bsvi-cars-Pune_c0dea943-e8a3-4ce9-8aed-2c9e6016f3d4.htm
2018 Maruti Baleno 1.2 CVT Zeta,"60,000 kms",Petrol,Automatic,₹5.75 Lakh,,,"Rahatani, Pune",https://stimg.cardekho.com/pwa/img/spacer3x2.png,https://www.cardekho.com/used-car-details/used-Maruti-baleno-12-cvt-zeta-cars-Pune_9f598ed1-23d4-4df1-bd43-aa747ab347ae.htm
2017 Maruti Ignis 1.2 AMT Zeta BSIV,"55,285 kms",Petrol,Automatic,₹3.80 Lakh,₹4.26 Lakh,"(Save ₹46,372)","Thathawade, Pune",https://stimg.cardekho.com/pwa/img/spacer3x2.png,https://www.cardekho.com/buy-used-car-details/used-Maruti-ignis-12-amt-zeta-bsiv-cars-Pune_4edc48ea-1d19-4390-993d-674f11c8c982.htm
2019 MG Hector Smart Diesel MT BSIV,"68,000 kms",Diesel,Manual,₹11 Lakh,,,"Yerwada, Pune",https://stimg.cardekho.com/pwa/img/spacer3x2.png,https://www.cardekho.com/used-car-details/used-Mg-hector-smart-diesel-mt-bsiv-cars-Pune_f4a45d33-d11e-46e3-ba95-908f327958b5.htm?adId=14807&adType=41
2021 Hyundai Venue S Plus 2024-2025,"31,477 kms",Petrol,Manual,₹7.45 Lakh,,,"Wakad, Pune",https://images10.gaadi.com/usedcar_image/4868144/original/ee9c6ef9d27ed4a034ea413b47277f37.JPG?imwidth=640,https://www.cardekho.com/buy-used-car-details/used-Hyundai-venue-s-plus-2024-2025-cars-Pune_816d6ea3-0a83-4ef8-b489-407933ef7628.htm
2022 Toyota Urban cruiser High,"13,775 kms",Petrol,Manual,₹7.78 Lakh,₹8.09 Lakh,"(Save ₹30,820)","Thathawade, Pune",https://images10.gaadi.com/usedcar_image/4904019/original/1d007c7bb5815980b26012b525af4d81.jpg?imwidth=640,https://www.cardekho.com/buy-used-car-details/used-Toyota-urban-cruiser-high-cars-Pune_ff65b263-b16a-4932-b105-e295972f2b9b.htm
2023 Skoda Slavia 1.0 TSI Ambition AT,"21,019 kms",Petrol,Automatic,₹12.54 Lakh,,,"Hadapsar, Pune",https://images10.gaadi.com/usedcar_image/4909423/original/651435c9a6e7f524e715326f26c0d96b.JPG?imwidth=640,https://www.cardekho.com/buy-used-car-details/used-Skoda-slavia-10-tsi-ambition-at-cars-Pune_2c3d0980-09ad-43ae-bed5-e30dbd95d1e5.htm
2023 Maruti Brezza Zxi CNG DT BSVI,"1,29,000 kms",CNG,Manual,₹12.50 Lakh,,,"Chinchwadgaon, Pune",https://images10.gaadi.com/usedcar_image/4872996/original/processed_4553c8e4-4158-45d2-bf3c-a5effae84069.jpg?imwidth=640,https://www.cardekho.com/used-car-details/used-Maruti-brezza-zxi-cng-dt-bsvi-cars-Pune_0ac6b197-c8dc-4150-966b-dc97a9f3208f.htm?adId=15582&adType=41
2021 Hyundai Grand i10 Nios Sportz,"28,779 kms",Petrol,Manual,₹5.20 Lakh,₹5.42 Lakh,"(Save ₹22,422)","Thathawade, Pune",https://images10.gaadi.com/usedcar_image/4928583/original/142c8ea32bea64db0bc02f969bf8961d.jpg?imwidth=640,https://www.cardekho.com/buy-used-car-details/used-Hyundai-grand-i10-nios-sportz-cars-Pune_7c4b47bd-1d2c-4694-9b9c-f56d7fbaa937.htm
2012 BMW X1 sDrive20d,"1,02,000 kms",Diesel,Automatic,₹5.85 Lakh,,,"Kondhwa, Pune",https://images10.gaadi.com/usedcar_image/4934220/original/processed_82f46ebf-47a6-491b-abde-8ae77c7a74fb.jpg?imwidth=640,https://www.cardekho.com/used-car-details/used-Bmw-x1-sdrive20d-cars-Pune_42ce03fc-86b1-476e-b3d0-6091152edc4c.htm
2023 Maruti XL6 Alpha Plus,"16,235 kms",Petrol,Manual,₹11.74 Lakh,,,"Wakad, Pune",https://images10.gaadi.com/usedcar_image/4894028/original/8439b18f46a677e81c3a70315016c443.JPG?imwidth=640,https://www.cardekho.com/buy-used-car-details/used-Maruti-xl6-alpha-plus-cars-Pune_af64ae19-3505-4b4d-8a73-ce3657622e66.htm
2014 Tata Safari DICOR 2.2 EX 4x2 BS IV,"1,12,000 kms",Diesel,Manual,₹5.75 Lakh,,,"Karvenagar, Pune",https://images10.gaadi.com/usedcar_image/4725947/original/e602fa0275bf18dfb8c74bf6f4f74c7a.jpeg?imwidth=640,https://www.cardekho.com/used-car-details/used-Tata-safari-dicor-22-ex-4x2-bs-iv-cars-Pune_6c86750c-4a2e-449d-8350-d66e0f627a63.htm?adId=13409&adType=41
2021 Maruti Baleno Zeta Diesel,"42,996 kms",Diesel,Manual,₹6.08 Lakh,,,"Wagholi, Pune",https://images10.gaadi.com/usedcar_image/4934044/original/f5dc287a4d274e4189e533e2b3f96e68.JPG?imwidth=640,https://www.cardekho.com/buy-used-car-details/used-Maruti-baleno-zeta-diesel-cars-Pune_5b599c8d-367e-47e7-a864-7169d8a30ef4.htm
2023 Maruti Ignis 1.2 AMT Alpha BSIV,"13,804 kms",Petrol,Automatic,₹6.78 Lakh,,,"Wakad, Pune",https://stimg.cardekho.com/pwa/img/spacer3x2.png,https://www.cardekho.com/buy-used-car-details/used-Maruti-ignis-12-amt-alpha-bsiv-cars-Pune_bd53f06f-aa9c-4e20-ac5a-367e276e5cdf.htm
2023 Hyundai Venue SX,"19,378 kms",Petrol,Manual,₹9.32 Lakh,,,"Wakad, Pune",https://stimg.cardekho.com/pwa/img/spacer3x2.png,https://www.cardekho.com/buy-used-car-details/used-Hyundai-venue-sx-cars-Pune_c662392c-d5b8-41ee-8122-1753ffbe287a.htm
2020 Tata Hexa XM,"75,001 kms",Diesel,Manual,₹8.45 Lakh,₹8.75 Lakh,"(Save ₹30,000)","Yerwada, Pune",https://stimg.cardekho.com/pwa/img/spacer3x2.png,https://www.cardekho.com/used-car-details/used-Tata-hexa-xm-cars-Pune_dd19c963-f5d6-4360-b3d3-3b42b5088b25.htm?adId=15605&adType=41
2014 Maruti Wagon R VXI,"65,849 kms",Petrol,Manual,₹3.08 Lakh,₹3.11 Lakh,"(Save ₹3,000)","Hadapsar, Pune",https://images10.gaadi.com/usedcar_image/4927865/original/0edd9c3199912dc158e6e4f0d28070cd.JPG?imwidth=640,https://www.cardekho.com/buy-used-car-details/used-Maruti-wagon-r-vxi-cars-Pune_55a3a81c-cd6d-47af-8149-66066b3b9356.htm
2013 Maruti Swift VXI,"69,891 kms",Petrol,Manual,₹3.52 Lakh,,,"Wakad, Pune",https://images10.gaadi.com/usedcar_image/4933997/original/f0a28456cb1d15c9b418e4ed04325424.JPG?imwidth=640,https://www.cardekho.com/buy-used-car-details/used-Maruti-swift-vxi-cars-Pune_039bd485-89eb-420b-8f59-a8059e05b072.htm
2015 Hyundai Xcent 1.2 VTVT S,"52,808 kms",Petrol,Manual,₹4.01 Lakh,₹4.04 Lakh,"(Save ₹3,000)","Wakad, Pune",https://images10.gaadi.com/usedcar_image/4921878/original/4cb79985a4607db1f959a53b4360ca45.JPG?imwidth=640,https://www.cardekho.com/buy-used-car-details/used-Hyundai-xcent-12-vtvt-s-cars-Pune_3b0f6367-209b-4fd6-bbe9-6125e780db8d.htm
2023 Skoda Slavia 1.0 TSI Style AT,"39,000 kms",Petrol,Automatic,₹13.25 Lakh,,,"Kothrud, Pune",https://images10.gaadi.com/usedcar_image/4840585/original/processed_afb4d5267e51792a57cd9c0ee892760a.jpeg?imwidth=640,https://www.cardekho.com/used-car-details/used-Skoda-slavia-10-tsi-style-at-cars-Pune_91066bc3-1b8d-45e8-a6fc-3e4910b20006.htm?adId=14239&adType=41
2021 Tata Nexon XMA S AMT Diesel,"67,000 kms",Diesel,Automatic,₹8.85 Lakh,,,"Aundh, Pune",https://images10.gaadi.com/usedcar_image/4917555/original/processed_4950c169-759e-4375-9464-51e551374aae.jpg?imwidth=640,https://www.cardekho.com/used-car-details/used-Tata-nexon-xma-s-amt-diesel-cars-Pune_86fde6d4-9a73-43c1-accb-d49e3bcfa6a8.htm
2017 Hyundai Creta 1.6 VTVT E Plus,"94,385 kms",Petrol,Manual,₹6.01 Lakh,,,"Thathawade, Pune",https://images10.gaadi.com/usedcar_image/4934994/original/36326c840e72e415d8ee8f8fcd47e099.jpg?imwidth=640,https://www.cardekho.com/buy-used-car-details/used-Hyundai-creta-16-vtvt-e-plus-cars-Pune_a3b5fbb5-66ee-462a-b79c-73f29b81b382.htm
2015 Hyundai Grand i10 1.2 Kappa Asta,"77,122 kms",Petrol,Manual,₹3.70 Lakh,,,"Wagholi, Pune",https://stimg.cardekho.com/pwa/img/spacer3x2.png,https://www.cardekho.com/buy-used-car-details/used-Hyundai-grand-i10-12-kappa-asta-cars-Pune_2463c95c-1310-41ef-bfa5-e3861dd75d95.htm
2014 Volkswagen Jetta 2.0L TDI Highline AT,"1,04,000 kms",Diesel,Automatic,₹6 Lakh,,,"Yerwada, Pune",https://stimg.cardekho.com/pwa/img/spacer3x2.png,https://www.cardekho.com/used-car-details/used-Volkswagen-jetta-20l-tdi-highline-at-cars-Pune_b91f38db-9967-478f-871d-027b345ed503.htm?adId=14856&adType=41
2023 Hyundai Venue S 2023-2025,"29,102 kms",Petrol,Manual,₹7.10 Lakh,₹7.48 Lakh,"(Save ₹38,406)","Thathawade, Pune",https://stimg.cardekho.com/pwa/img/spacer3x2.png,https://www.cardekho.com/buy-used-car-details/used-Hyundai-venue-s-2023-2025-cars-Pune_f5c2d2e7-f721-41eb-8c9f-20225b38d210.htm
2022 Renault Kiger RXZ Turbo CVT,"31,384 kms",Petrol,Automatic,₹8.22 Lakh,₹8.39 Lakh,"(Save ₹17,000)","Hadapsar, Pune",https://images10.gaadi.com/usedcar_image/4759137/original/d06bd9fb35d84047b5d515b82d8f633e.JPG?imwidth=640,https://www.cardekho.com/buy-used-car-details/used-Renault-kiger-rxz-turbo-cvt-cars-Pune_237dc8b0-a30e-49a3-a400-d4f3e01c7026.htm
2023 Hyundai Creta SX IVT,"25,000 kms",Petrol,Automatic,₹14.99 Lakh,,,"Mundhwa, Pune",https://images10.gaadi.com/usedcar_image/4880682/original/processed_80a4cd44-077b-47a1-af27-1cddab33db36.jpg?imwidth=640,https://www.cardekho.com/used-car-details/used-Hyundai-creta-sx-ivt-cars-Pune_b76a0d67-1586-43c6-98e8-f7142575360c.htm
2020 Toyota Innova Crysta Leadership Edition,"88,000 kms",Diesel,Manual,₹20.51 Lakh,,,"City, Pune",https://images10.gaadi.com/usedcar_image/4761432/original/processed_8cf2ac5090f2825823e20a56b3352cbd.jpg?imwidth=640,https://www.cardekho.com/used-car-details/used-Toyota-innova-crysta-leadership-edition-cars-Pune_6ded8d24-5147-48fe-b3bd-642e8d413555.htm?adId=15788&adType=41
2014 Maruti Swift Dzire VXI,"93,900 kms",Petrol,Manual,₹3.95 Lakh,,,"Hadapsar, Pune",https://images10.gaadi.com/usedcar_image/4926066/original/6b61a082d76c70e2d8223668172f77b3.JPG?imwidth=640,https://www.cardekho.com/buy-used-car-details/used-Maruti-swift-dzire-vxi-cars-Pune_b93c08bf-94cd-42be-b212-6cf48e95ccd2.htm
2015 Maruti Celerio VXI,"68,036 kms",Petrol,Manual,₹3.50 Lakh,,,"City, Pune",https://images10.gaadi.com/usedcar_image/4924147/original/681befb901eef9935c14ddc0d0303b50.jpg?imwidth=640,https://www.cardekho.com/buy-used-car-details/used-Maruti-celerio-vxi-cars-Pune_a34553fb-2dab-4f45-af65-9511ee68d8d7.htm
2022 Hyundai i20 Magna 1.2,"40,931 kms",Petrol,Manual,₹5.63 Lakh,,,"Wakad, Pune",https://images10.gaadi.com/usedcar_image/4933940/original/4e28dc790383969d66fa2ed4614751f5.JPG?imwidth=640,https://www.cardekho.com/buy-used-car-details/used-Hyundai-i20-magna-12-cars-Pune_7731a16e-d334-48b9-96c5-1fdd16223361.htm
2019 Skoda Rapid 1.6 MPI AT Style BSIV,"21,000 kms",Petrol,Automatic,₹8.30 Lakh,,,"Kothrud, Pune",https://stimg.cardekho.com/pwa/img/spacer3x2.png,https://www.cardekho.com/used-car-details/used-Skoda-rapid-16-mpi-at-style-bsiv-cars-Pune_3a1abe52-c0d8-414e-82c8-f8ff3c1ae170.htm?adId=15742&adType=41
2021 Kia Seltos HTX,"41,626 kms",Petrol,Manual,₹10.03 Lakh,,,"Wakad, Pune",https://stimg.cardekho.com/pwa/img/spacer3x2.png,https://www.cardekho.com/buy-used-car-details/used-Kia-seltos-htx-cars-Pune_5a1a5590-084e-4cf1-8f16-8332b1a64e5a.htm
2016 Hyundai EON Magna,"21,638 kms",Petrol,Manual,₹2.78 Lakh,,,"Wagholi, Pune",https://stimg.cardekho.com/pwa/img/spacer3x2.png,https://www.cardekho.com/buy-used-car-details/used-Hyundai-eon-magna-cars-Pune_9b02a755-14ac-4496-8708-1029ee9becfd.htm
2016 Maruti Celerio VXI AMT,"27,633 kms",Petrol,Automatic,₹4.05 Lakh,₹4.10 Lakh,"(Save ₹5,000)","Pashan, Pune",https://images10.gaadi.com/usedcar_image/4907045/original/4c32a3663855229dfc001a492a759ce9.JPG?imwidth=640,https://www.cardekho.com/buy-used-car-details/used-Maruti-celerio-vxi-amt-cars-Pune_402974a4-15f2-44db-b685-d45107e4e59a.htm
2023 MG Astor Super MT,"13,000 kms",Petrol,Manual,₹10 Lakh,,,"Pride World City Road, Charholi Budruk, Pune",https://images10.gaadi.com/usedcar_image/4847781/original/processed_660e85c1-b35c-4a9e-bfc0-1ceab6282a1f.png?imwidth=640,https://www.cardekho.com/used-car-details/used-Mg-astor-super-mt-cars-Pune_b03c3867-cb66-45d8-ae4e-8ca8db75e223.htm?adId=15683&adType=41
2015 Hyundai Xcent Petrol,"1,28,746 kms",Petrol,Manual,₹3.95 Lakh,₹4.00 Lakh,"(Save ₹5,000)","Pashan, Pune",https://images10.gaadi.com/usedcar_image/4929917/original/86ab3d146fd921c7aebc09203aef4505.JPG?imwidth=640,https://www.cardekho.com/buy-used-car-details/used-Hyundai-xcent-petrol-cars-Pune_2028727c-b961-4c8a-80dc-efa59267e509.htm
2019 Jeep Compass 1.4 Limited Plus BSIV,"62,579 kms",Petrol,Automatic,₹11.75 Lakh,,,"Dapodi, Pune",https://images10.gaadi.com/usedcar_image/4913864/original/processed_14ec51b7-2aa9-468b-a368-336c23fc1aaf.jpg?imwidth=640,https://www.cardekho.com/used-car-details/used-Jeep-compass-14-limited-plus-bsiv-cars-Pune_bdf55751-5a6e-47da-9b13-ae7dd3e4f9ba.htm
2017 Hyundai Grand i10 1.2 Kappa Magna BSIV,"20,372 kms",Petrol,Manual,₹4.10 Lakh,₹4.19 Lakh,"(Save ₹9,000)","Hadapsar, Pune",https://images10.gaadi.com/usedcar_image/4929893/original/3a68e8099ddca3a1715f3cb7cce03694.JPG?imwidth=640,https://www.cardekho.com/buy-used-car-details/used-Hyundai-grand-i10-12-kappa-magna-bsiv-cars-Pune_957a75ab-5440-4232-9edc-cab8a982df8a.htm
2013 Mahindra XUV500 W8 FWD,"1,80,600 kms",Diesel,Manual,₹5.50 Lakh,,,"Balewadi, Pune",https://images10.gaadi.com/usedcar_image/4927159/original/35becfa8-f140-42ef-882b-c62caaa3f629.png?imwidth=640,https://www.cardekho.com/used-car-details/used-Mahindra-xuv500-w8-fwd-cars-Pune_e4e9ed73-8d0d-4724-9cf7-85d09c8840ac.htm?adId=15938&adType=41
2014 Hyundai Grand i10 1.2 Kappa Sportz BSIV,"50,292 kms",Petrol,Manual,₹3.76 Lakh,,,"Hadapsar, Pune",https://stimg.cardekho.com/pwa/img/spacer3x2.png,https://www.cardekho.com/buy-used-car-details/used-Hyundai-grand-i10-12-kappa-sportz-bsiv-cars-Pune_aec3d96f-a23e-4dfd-b97b-e85d53ccc6f6.htm
2018 Tata Nexon 1.2 Revotron XZA Plus,"23,807 kms",Petrol,Automatic,₹6.10 Lakh,₹6.13 Lakh,"(Save ₹3,379)","Thathawade, Pune",https://stimg.cardekho.com/pwa/img/spacer3x2.png,https://www.cardekho.com/buy-used-car-details/used-Tata-nexon-12-revotron-xza-plus-cars-Pune_41e2e3b2-6b99-47de-9777-b64e60e5dda8.htm
2018 Renault Duster 85PS Diesel RxS,"82,000 kms",Diesel,Manual,₹6.45 Lakh,,,"Rahatani, Pune",https://stimg.cardekho.com/pwa/img/spacer3x2.png,https://www.cardekho.com/used-car-details/used-Renault-duster-85ps-diesel-rxs-cars-Pune_9e85642f-b7b2-466f-87d2-c08b1ff257c6.htm
2018 Honda City i-VTEC CVT V,"87,500 kms",Petrol,Automatic,₹6.10 Lakh,,,"Armament, Pune",https://stimg.cardekho.com/pwa/img/spacer3x2.png,https://www.cardekho.com/used-car-details/used-Honda-city-i-vtec-cvt-v-cars-Pune_dc67b8db-708b-4638-bcaf-1573a3fbf488.htm?adId=15860&adType=41
2015 Maruti Celerio VXI AMT,"73,466 kms",Petrol,Automatic,₹3.42 Lakh,,,"Hadapsar, Pune",https://stimg.cardekho.com/pwa/img/spacer3x2.png,https://www.cardekho.com/buy-used-car-details/used-Maruti-celerio-vxi-amt-cars-Pune_3fd9ee22-05aa-4f85-83cc-900657ee9dd0.htm
2022 Kia Sonet GTX Plus Turbo iMT DT,"29,742 kms",Petrol,Manual,₹10.33 Lakh,₹10.45 Lakh,"(Save ₹12,000)","Hadapsar, Pune",https://stimg.cardekho.com/pwa/img/spacer3x2.png,https://www.cardekho.com/buy-used-car-details/used-Kia-sonet-gtx-plus-turbo-imt-dt-cars-Pune_2dcc9e78-acde-4155-aea0-629a9eff4a20.htm
2022 Kia Seltos HTX IVT,"31,231 kms",Petrol,Automatic,₹14.20 Lakh,,,"Wakad, Pune",https://images10.gaadi.com/usedcar_image/4796226/original/0416166528186e849611c60aaea89e0d.JPG?imwidth=640,https://www.cardekho.com/buy-used-car-details/used-Kia-seltos-htx-ivt-cars-Pune_f716d68c-229b-4d71-a4ef-8e74b9aefca8.htm
2012 Hyundai Elantra SX,"1,00,000 kms",Petrol,Manual,₹4 Lakh,,,"Aundh Camp, Pune",https://images10.gaadi.com/usedcar_image/4930655/original/processed_0ffb62e2-a873-4c03-a712-a02fbb14fa47.jpg?imwidth=640,https://www.cardekho.com/used-car-details/used-Hyundai-elantra-sx-cars-Pune_4371fd8e-df39-4087-9e8b-a0b601842f55.htm?adId=15920&adType=41
2013 Maruti Swift Dzire VXI,"86,667 kms",Petrol,Manual,₹3.49 Lakh,,,"Pashan, Pune",https://images10.gaadi.com/usedcar_image/4921887/original/c2303beb8cfbff33e7285065f439aff9.JPG?imwidth=640,https://www.cardekho.com/buy-used-car-details/used-Maruti-swift-dzire-vxi-cars-Pune_7457cffa-e34e-473b-913c-6b8035229aef.htm
2022 Kia Sonet HTX Turbo iMT,"33,281 kms",Petrol,Manual,₹9.40 Lakh,₹9.52 Lakh,"(Save ₹12,000)","Wakad, Pune",https://images10.gaadi.com/usedcar_image/4848689/original/5a50236365adb1c7dd79a594f7eb2499.JPG?imwidth=640,https://www.cardekho.com/buy-used-car-details/used-Kia-sonet-htx-turbo-imt-cars-Pune_dd7b9c73-8271-46ec-8ce5-cf0488fc497e.htm
2015 Honda Amaze S i-VTEC,"1,00,541 kms",Petrol,Manual,₹3.30 Lakh,₹3.37 Lakh,"(Save ₹7,000)","Hadapsar, Pune",https://images10.gaadi.com/usedcar_image/4929894/original/a450f9b3a1d2788af45d4f531610f9f8.JPG?imwidth=640,https://www.cardekho.com/buy-used-car-details/used-Honda-amaze-s-i-vtec-cars-Pune_f47c603c-de83-447d-b1a7-ff1b36fe4599.htm
2016 Audi Q3 35 TDI Dynamic Edition,"1,20,000 kms",Diesel,Automatic,₹8 Lakh,,,"Shivajinagar, Pune",https://images10.gaadi.com/usedcar_image/4907672/original/processed_processed_d27d454b-1e12-4fe8-bcb1-c2b2b9f277b7.jpeg?imwidth=640,https://www.cardekho.com/used-car-details/used-Audi-q3-35-tdi-dynamic-edition-cars-Pune_f19c6f74-1804-481b-a388-2df9b34f85d4.htm?adId=15434&adType=41
2012 Maruti Swift ZXI,"1,06,729 kms",Petrol,Manual,₹3.25 Lakh,,,"Hadapsar, Pune",https://stimg.cardekho.com/pwa/img/spacer3x2.png,https://www.cardekho.com/buy-used-car-details/used-Maruti-swift-zxi-cars-Pune_7aaf02d0-af8b-4f3c-87c3-c2b1922a8385.htm
2016 Hyundai Creta 1.6 EX Petrol,"39,903 kms",Petrol,Manual,₹7.75 Lakh,,,"Pashan, Pune",https://stimg.cardekho.com/pwa/img/spacer3x2.png,https://www.cardekho.com/buy-used-car-details/used-Hyundai-creta-16-ex-petrol-cars-Pune_fed98797-3066-4f71-b468-ddd03aec505d.htm
2020 Kia Seltos GTX Plus,"28,249 kms",Petrol,Manual,₹8.86 Lakh,,,"Wakad, Pune",https://stimg.cardekho.com/pwa/img/spacer3x2.png,https://www.cardekho.com/buy-used-car-details/used-Kia-seltos-gtx-plus-cars-Pune_89bd96a0-dca9-4d51-a525-f840a4d63794.htm
2017 Ford Ecosport 1.0 Ecoboost Titanium Plus BSIV,"78,000 kms",Petrol,Manual,₹4.70 Lakh,,,"Adarsh Nagar, Wadgaon Sheri, Pune",https://stimg.cardekho.com/pwa/img/spacer3x2.png,https://www.cardekho.com/used-car-details/used-Ford-ecosport-10-ecoboost-titanium-plus-bsiv-cars-Pune_8caf7d64-c6f2-4b38-a58f-b3f546c34004.htm?adId=15355&adType=41
2024 Hyundai Exter SX CNG,"6,258 kms",CNG,Manual,₹8 Lakh,,,"Hadapsar, Pune",https://stimg.cardekho.com/pwa/img/spacer3x2.png,https://www.cardekho.com/buy-used-car-details/used-Hyundai-exter-sx-cng-cars-Pune_f570a252-2cf4-4050-89af-8099eca05d67.htm
2021 Hyundai Venue SX Opt Turbo DCT Special Edition,"46,896 kms",Petrol,Automatic,₹9.33 Lakh,,,"Hadapsar, Pune",https://stimg.cardekho.com/pwa/img/spacer3x2.png,https://www.cardekho.com/buy-used-car-details/used-Hyundai-venue-sx-opt-turbo-dct-special-edition-cars-Pune_a80acde1-02a1-4dd5-92f8-a828946f2e95.htm
2013 Hyundai i10 Magna,"67,000 kms",Petrol,Manual,₹2.35 Lakh,,,"Kondhwa, Pune",https://images10.gaadi.com/usedcar_image/4925372/original/processed_8a09084d-984f-47ca-9c27-7898b0edb7db.jpg?imwidth=640,https://www.cardekho.com/used-car-details/used-Hyundai-i10-magna-cars-Pune_64900bf5-2969-489a-873b-a4f42f944d15.htm
2022 Skoda Kushaq 1.0 TSI Style BSVI,"17,000 kms",Petrol,Manual,₹11.50 Lakh,,,"Lohogaon, Pune",https://images10.gaadi.com/usedcar_image/4846395/original/processed_57506d4e-7909-404f-bf42-0df0252d3021.png?imwidth=640,https://www.cardekho.com/used-car-details/used-Skoda-kushaq-10-tsi-style-bsvi-cars-Pune_8285c556-7745-436d-bdb7-35508e1f9da5.htm?adId=15241&adType=41
2013 Hyundai i10 Magna 1.1,"33,306 kms",Petrol,Manual,₹2.73 Lakh,₹2.78 Lakh,"(Save ₹5,000)","Wakad, Pune",https://images10.gaadi.com/usedcar_image/4927861/original/e0c0fe118fbe6f37002e35c8ffad33e5.JPG?imwidth=640,https://www.cardekho.com/buy-used-car-details/used-Hyundai-i10-magna-11-cars-Pune_38e4cffd-e2ad-4511-8886-aabbf7b182b8.htm
2018 Honda Amaze VX,"26,853 kms",Petrol,Manual,₹5.71 Lakh,,,"Hadapsar, Pune",https://images10.gaadi.com/usedcar_image/4919890/original/303daa04c0fd390f66bda272a738be22.JPG?imwidth=640,https://www.cardekho.com/buy-used-car-details/used-Honda-amaze-vx-cars-Pune_5d004d1f-0e6f-4836-9192-bbf87d942806.htm
2019 Maruti Swift VXI,"34,723 kms",Petrol,Manual,₹5.05 Lakh,₹5.09 Lakh,"(Save ₹3,683)","Thathawade, Pune",https://images10.gaadi.com/usedcar_image/4927100/original/480742304b96317c149d546bfa299864.jpg?imwidth=640,https://www.cardekho.com/buy-used-car-details/used-Maruti-swift-vxi-cars-Pune_be2fa0a4-9cc0-46e7-bfd5-525450e00508.htm
2014 Honda City i VTEC VX,"60,000 kms",Petrol,Manual,₹4 Lakh,,,"Rahatani, Pune",https://images10.gaadi.com/usedgaadi-sellcar/UsedCar/k5153927a/5669456a-cd24-4b64-8684-283eafacdb3d.jpeg?imwidth=640,https://www.cardekho.com/used-car-details/used-Honda-city-i-vtec-vx-cars-Pune_27b37d86-f621-4ada-b1b2-63e52c420e1a.htm?adId=15167&adType=41
2020 Kia Seltos GTX Plus,"56,684 kms",Petrol,Manual,₹8.98 Lakh,,,"Wakad, Pune",https://images10.gaadi.com/usedcar_image/4759115/original/7f6c8a759ca1828da1a8379bca3afdc8.JPG?imwidth=640,https://www.cardekho.com/buy-used-car-details/used-Kia-seltos-gtx-plus-cars-Pune_d6556126-98f8-4f77-8b1f-7c5ee7423b20.htm
2016 Hyundai Grand i10 1.2 Kappa Sportz BSIV,"17,333 kms",Petrol,Manual,₹4.23 Lakh,,,"Hadapsar, Pune",https://images10.gaadi.com/usedcar_image/4898428/original/b710f6cf7037cb2e97eedf080fd2d891.JPG?imwidth=640,https://www.cardekho.com/buy-used-car-details/used-Hyundai-grand-i10-12-kappa-sportz-bsiv-cars-Pune_b92bd6a5-d6ea-4b88-9a45-210b169cab4e.htm
2025 Mercedes-Benz GLC 220d,"10,000 kms",Diesel,Automatic,₹72 Lakh,,,"Undri, Pune",https://images10.gaadi.com/usedcar_image/4923055/original/processed_84792f50-ae6e-4b3b-9ab3-5d7f6f900bc5.jpg?imwidth=640,https://www.cardekho.com/used-car-details/used-Mercedes-benz-glc-220d-cars-Pune_9b64a3e2-149c-43f2-a0f7-093692699aa7.htm
2016 Land Rover Discovery Sport TD4 SE,"90,000 kms",Diesel,Automatic,₹28 Lakh,,,"Dhole Patil Road, Pune",https://images10.gaadi.com/usedcar_image/4925567/original/processed_processed_processed_f7d77984-d1b0-462e-838a-d14799c3ad91.jpg?imwidth=640,https://www.cardekho.com/used-car-details/used-Land-rover-discovery-sport-td4-se-cars-Pune_4b3d76d9-4794-4b21-a985-dfca149e65fd.htm?adId=15945&adType=41
2023 Renault Kiger RXZ Turbo CVT,"23,416 kms",Petrol,Automatic,₹9.40 Lakh,,,"Wakad, Pune",https://images10.gaadi.com/usedcar_image/4759161/original/70a5d511748da57880c3448bbbdc5188.JPG?imwidth=640,https://www.cardekho.com/buy-used-car-details/used-Renault-kiger-rxz-turbo-cvt-cars-Pune_0db63b8b-18a2-4637-9527-5b90bc87200f.htm
2017 Hyundai Grand i10 1.2 Kappa Sportz BSIV,"32,175 kms",Petrol,Manual,₹4.43 Lakh,,,"Wakad, Pune",https://images10.gaadi.com/usedcar_image/4933996/original/638f960cf267619135c5e7154dd82a09.JPG?imwidth=640,https://www.cardekho.com/buy-used-car-details/used-Hyundai-grand-i10-12-kappa-sportz-bsiv-cars-Pune_05d47027-d399-4243-9770-f5d32ba52bbb.htm
2015 Hyundai Grand i10 Sportz,"42,000 kms",Petrol,Manual,₹3.45 Lakh,,,"Kondhwa, Pune",https://stimg.cardekho.com/pwa/img/spacer3x2.png,https://www.cardekho.com/used-car-details/used-Hyundai-grand-i10-sportz-cars-Pune_a580a6b2-006b-4e53-8a65-af4f81a9b33a.htm
2020 Tata Harrier XT,"1,60,000 kms",Diesel,Manual,₹10 Lakh,,,"Kasarwadi, Pune",https://stimg.cardekho.com/pwa/img/spacer3x2.png,https://www.cardekho.com/used-car-details/used-Tata-harrier-xt-cars-Pune_8d49f7b3-ad34-4e2c-ad22-f65e0966ca80.htm?adId=15895&adType=41
2016 Hyundai Grand i10 1.2 Kappa Magna BSIV,"66,271 kms",Petrol,Manual,₹3.77 Lakh,,,"Hadapsar, Pune",https://stimg.cardekho.com/pwa/img/spacer3x2.png,https://www.cardekho.com/buy-used-car-details/used-Hyundai-grand-i10-12-kappa-magna-bsiv-cars-Pune_7643ab83-7327-48f5-9149-edda23e5c400.htm
2021 Maruti Vitara Brezza ZXI Plus,"33,081 kms",Petrol,Manual,₹7.92 Lakh,,,"Hadapsar, Pune",https://stimg.cardekho.com/pwa/img/spacer3x2.png,https://www.cardekho.com/buy-used-car-details/used-Maruti-vitara-brezza-zxi-plus-cars-Pune_a81ad99b-efd6-4685-b894-1ec0642cebfb.htm
2016 Maruti Celerio ZXI,"60,987 kms",Petrol,Manual,₹3.20 Lakh,₹3.39 Lakh,"(Save ₹18,957)","Thathawade, Pune",https://stimg.cardekho.com/pwa/img/spacer3x2.png,https://www.cardekho.com/buy-used-car-details/used-Maruti-celerio-zxi-cars-Pune_da39fc21-927c-4aad-ae95-01e8a04584f7.htm
2014 Honda City i VTEC V,"61,000 kms",Petrol,Manual,₹4.90 Lakh,,,"Chakan, Pune",https://stimg.cardekho.com/pwa/img/spacer3x2.png,https://www.cardekho.com/used-car-details/used-Honda-city-i-vtec-v-cars-Pune_b3c4d7c0-3861-4e8d-b0a3-f78e4b290efa.htm?adId=15879&adType=41
2024 Kia Seltos HTX Diesel,"17,000 kms",Diesel,Manual,₹19.75 Lakh,,,"Khadki, Pune",https://stimg.cardekho.com/pwa/img/spacer3x2.png,https://www.cardekho.com/used-car-details/used-Kia-seltos-htx-diesel-cars-Pune_96ccc300-cf39-40cf-8ca3-b5081478bc3a.htm
2023 Hyundai Aura SX CNG,"29,240 kms",CNG,Manual,₹6.20 Lakh,₹7.19 Lakh,"(Save ₹98,715)","Thathawade, Pune",https://stimg.cardekho.com/pwa/img/spacer3x2.png,https://www.cardekho.com/buy-used-car-details/used-Hyundai-aura-sx-cng-cars-Pune_92b22a12-f014-439b-aeca-9e063dcc2be3.htm
2018 Hyundai Creta 1.6 E Plus,"68,000 kms",Petrol,Manual,₹6.75 Lakh,,,"Rahatani, Pune",https://stimg.cardekho.com/pwa/img/spacer3x2.png,https://www.cardekho.com/used-car-details/used-Hyundai-creta-16-e-plus-cars-Pune_32d41c76-c3f6-48c6-a504-0e4769579ef2.htm
2016 Mahindra XUV500 W6 2WD,"31,000 kms",Diesel,Manual,₹7.50 Lakh,,,"Yerwada, Pune",https://stimg.cardekho.com/pwa/img/spacer3x2.png,https://www.cardekho.com/used-car-details/used-Mahindra-xuv500-w6-2wd-cars-Pune_e17c44d0-12b5-4998-a78d-229ff65615ca.htm?adId=15552&adType=41
2020 Kia Seltos HTX IVT,"82,234 kms",Petrol,Automatic,₹11.33 Lakh,,,"Wakad, Pune",https://stimg.cardekho.com/pwa/img/spacer3x2.png,https://www.cardekho.com/buy-used-car-details/used-Kia-seltos-htx-ivt-cars-Pune_ce4db56a-372d-4d8e-bf57-d38fd1b3f98b.htm
2018 Hyundai Santro Sportz CNG BSIV,"33,916 kms",CNG,Manual,₹3.67 Lakh,₹4.18 Lakh,"(Save ₹50,858)","Thathawade, Pune",https://stimg.cardekho.com/pwa/img/spacer3x2.png,https://www.cardekho.com/buy-used-car-details/used-Hyundai-santro-sportz-cng-bsiv-cars-Pune_d7ac136b-f821-423c-9d5e-6eaff2cb9a39.htm
2015 Honda City i VTEC SV,"90,000 kms",Petrol,Manual,₹4.20 Lakh,,,"Khondhwa KH, Pune",https://stimg.cardekho.com/pwa/img/spacer3x2.png,https://www.cardekho.com/used-car-details/used-Honda-city-i-vtec-sv-cars-Pune_14697c96-bd6c-4146-9b21-234a4fc52405.htm
2024 Mahindra XUV 3XO AX5 AT,"30,000 kms",Petrol,Automatic,₹11.25 Lakh,,,"Anandnagar, Pune",https://stimg.cardekho.com/pwa/img/spacer3x2.png,https://www.cardekho.com/used-car-details/used-Mahindra-xuv-3xo-ax5-at-cars-Pune_e7b5f7a9-b2b6-4406-9ad8-13c13d7a9003.htm?adId=14484&adType=41
2024 Hyundai Grand i10 Nios Sportz,"29,802 kms",Petrol,Manual,₹6.72 Lakh,,,"Pashan, Pune",https://stimg.cardekho.com/pwa/img/spacer3x2.png,https://www.cardekho.com/buy-used-car-details/used-Hyundai-grand-i10-nios-sportz-cars-Pune_0e5d1084-f44b-4302-8237-6850c74583eb.htm
2013 Hyundai i20 Asta 1.2,"1,02,000 kms",Petrol,Manual,₹3.55 Lakh,,,"Rahatani, Pune",https://images10.gaadi.com/usedcar_image/4934484/original/processed_acf12f93-03ec-4295-8cca-b33268e577c2.jpg?imwidth=640,https://www.cardekho.com/used-car-details/used-Hyundai-i20-asta-12-cars-Pune_c2410121-0a8e-4d69-b72f-91074205e65b.htm
2011 Volkswagen Polo Petrol Highline 1.6L,"78,000 kms",Petrol,Manual,₹2.40 Lakh,,,"Khondhwa KH, Pune",https://images10.gaadi.com/usedcar_image/4933720/original/processed_db834bce9a1c2722edd06b9c7c8603d1.png?imwidth=640,https://www.cardekho.com/used-car-details/used-Volkswagen-polo-petrol-highline-16l-cars-Pune_6ae3ee30-8aaf-49ec-970b-0336f4bb7f86.htm
2022 Tata Tigor XZ CNG BSVI,"51,000 kms",CNG,Manual,₹6.99 Lakh,,,"Yerwada, Pune",https://images10.gaadi.com/usedcar_image/4895800/original/processed_fc34a9789f8b509c5c975ea9ea268b89.jpg?imwidth=640,https://www.cardekho.com/used-car-details/used-Tata-tigor-xz-cng-bsvi-cars-Pune_80f2e24c-2119-4eb0-8fb1-ad9d7d39046a.htm?adId=14806&adType=41
2021 Renault Kiger RXZ Turbo CVT,"33,909 kms",Petrol,Automatic,₹6.43 Lakh,,,"Wakad, Pune",https://images10.gaadi.com/usedcar_image/4433049/original/b347c979f81165178679d7731a726316.JPG?imwidth=640,https://www.cardekho.com/buy-used-car-details/used-Renault-kiger-rxz-turbo-cvt-cars-Pune_c663522b-20ac-4df3-995d-e7a8ddcbba85.htm
2017 Volkswagen Polo Petrol Highline 1.2L,"1,06,461 kms",Petrol,Manual,₹4.69 Lakh,,,"Wakad, Pune",https://images10.gaadi.com/usedcar_image/4932151/original/52fcdfc0862caf7c3fa93536905513f0.JPG?imwidth=640,https://www.cardekho.com/buy-used-car-details/used-Volkswagen-polo-petrol-highline-12l-cars-Pune_b4e9e7e8-de2e-4704-a43c-1aba1b0b9f69.htm
2013 Maruti Alto 800 VXI,"60,861 kms",Petrol,Manual,₹2.38 Lakh,,,"Wagholi, Pune",https://images10.gaadi.com/usedcar_image/4926073/original/2a5468001ee06551652ae4485b0d395d.JPG?imwidth=640,https://www.cardekho.com/buy-used-car-details/used-Maruti-alto-800-vxi-cars-Pune_541b84ca-46e2-4686-92fa-236029e3711d.htm
2015 Ford Ecosport 1.5 TDCi Titanium BSIV,"80,000 kms",Diesel,Manual,₹4.87 Lakh,,,"Aundh, Pune",https://stimg.cardekho.com/pwa/img/spacer3x2.png,https://www.cardekho.com/used-car-details/used-Ford-ecosport-15-tdci-titanium-bsiv-cars-Pune_5889ef4f-6493-4d02-ac2c-708b528a8bce.htm?adId=15811&adType=41
2012 Maruti Wagon R VXI,"1,32,590 kms",Petrol,Manual,₹2.36 Lakh,,,"Wakad, Pune",https://stimg.cardekho.com/pwa/img/spacer3x2.png,https://www.cardekho.com/buy-used-car-details/used-Maruti-wagon-r-vxi-cars-Pune_b5c83efe-e04e-4978-a72d-65e4b7109bde.htm
2022 Renault Kiger RXT,"21,633 kms",Petrol,Manual,₹5.30 Lakh,₹5.54 Lakh,"(Save ₹23,853)","Thathawade, Pune",https://stimg.cardekho.com/pwa/img/spacer3x2.png,https://www.cardekho.com/buy-used-car-details/used-Renault-kiger-rxt-cars-Pune_c9e8c849-1abc-437c-91f2-95307b576304.htm
2022 Volkswagen Taigun 1.0 Topline,"32,486 kms",Petrol,Manual,₹12.01 Lakh,,,"Hadapsar, Pune",https://stimg.cardekho.com/pwa/img/spacer3x2.png,https://www.cardekho.com/buy-used-car-details/used-Volkswagen-taigun-10-topline-cars-Pune_bc5a1c8b-587b-401c-974a-8bd7ff1a25db.htm
2024 Citroen C3 Shine,"10,000 kms",Petrol,Manual,₹6.50 Lakh,,,"Pimple Saudagar, Pune",https://stimg.cardekho.com/pwa/img/spacer3x2.png,https://www.cardekho.com/used-car-details/used-Citroen-c3-shine-cars-Pune_da2ef6b4-12e8-4bf2-9909-f18d9d8b59e7.htm?adId=15164&adType=41
2019 Tata Tiago 1.2 Revotron XZ,"44,521 kms",Petrol,Manual,₹4.21 Lakh,,,"Thathawade, Pune",https://stimg.cardekho.com/pwa/img/spacer3x2.png,https://www.cardekho.com/buy-used-car-details/used-Tata-tiago-12-revotron-xz-cars-Pune_dd910953-7d5c-4dcc-a74e-cca27d91f380.htm
2014 Maruti Alto K10 VXI,"59,413 kms",Petrol,Manual,₹2.24 Lakh,,,"Wakad, Pune",https://stimg.cardekho.com/pwa/img/spacer3x2.png,https://www.cardekho.com/buy-used-car-details/used-Maruti-alto-k10-vxi-cars-Pune_28e6d842-38ef-4bf0-bbfa-6feb3e44d928.htm
2021 Renault KWID 1.0 RXT Opt,"36,999 kms",Petrol,Manual,₹3.35 Lakh,₹3.75 Lakh,"(Save ₹40,463)","Thathawade, Pune",https://stimg.cardekho.com/pwa/img/spacer3x2.png,https://www.cardekho.com/buy-used-car-details/used-Renault-kwid-10-rxt-opt-cars-Pune_825f29b8-d45e-470e-b8d0-55128efaa949.htm
2021 Kia Sonet GTX Plus Diesel BSVI,"39,000 kms",Diesel,Manual,₹10.50 Lakh,₹11.40 Lakh,"(Save ₹90,000)","Kothrud, Pune",https://stimg.cardekho.com/pwa/img/spacer3x2.png,https://www.cardekho.com/used-car-details/used-Kia-sonet-gtx-plus-diesel-bsvi-cars-Pune_55932151-56d1-4cca-b404-cc430806a574.htm?adId=14234&adType=41
2017 Maruti Ignis 1.2 AMT Alpha BSIV,"63,842 kms",Petrol,Automatic,₹4.66 Lakh,,,"Wakad, Pune",https://images10.gaadi.com/usedcar_image/4933850/original/a3683f17bb9388fb02b695ff99f30982.JPG?imwidth=640,https://www.cardekho.com/buy-used-car-details/used-Maruti-ignis-12-amt-alpha-bsiv-cars-Pune_1c9067b6-b37d-4b6f-a308-0fc12f58525e.htm
2024 Skoda Kushaq 1.5 TSI Ambition,"11,367 kms",Petrol,Manual,₹14.19 Lakh,₹14.35 Lakh,"(Save ₹16,000)","Wakad, Pune",https://images10.gaadi.com/usedcar_image/4916139/original/c7292f0a7913a66b4583a6aacb8f68e6.JPG?imwidth=640,https://www.cardekho.com/buy-used-car-details/used-Skoda-kushaq-15-tsi-ambition-cars-Pune_941120d4-a819-42fd-8de5-d9f478cfe87d.htm
2016 Hyundai Grand i10 1.2 Kappa Sportz BSIV,"76,926 kms",Petrol,Manual,₹3.94 Lakh,,,"Hadapsar, Pune",https://images10.gaadi.com/usedcar_image/4934019/original/34ec934723cd248ca5c73df208e423ad.JPG?imwidth=640,https://www.cardekho.com/buy-used-car-details/used-Hyundai-grand-i10-12-kappa-sportz-bsiv-cars-Pune_b6ffad08-3cb9-473c-b847-84b6fc3fa2dc.htm
2021 Volvo XC90 D5 Inscription,"1,75,000 kms",Diesel,Automatic,₹58 Lakh,,,"Hadapsar, Pune",https://images10.gaadi.com/usedcar_image/4897440/original/processed_b90e81e9-9a52-4e62-a7d2-4873020c6176.png?imwidth=640,https://www.cardekho.com/used-car-details/used-Volvo-xc90-d5-inscription-cars-Pune_61e06da9-cd76-4a63-9f82-49a5fd852e46.htm?adId=15286&adType=41
2021 Honda Jazz ZX,"39,451 kms",Petrol,Manual,₹7.81 Lakh,,,"Hadapsar, Pune",https://images10.gaadi.com/usedcar_image/4927862/original/df001daf8f75d81e761663071f3c7a77.JPG?imwidth=640,https://www.cardekho.com/buy-used-car-details/used-Honda-jazz-zx-cars-Pune_564e7474-8dd2-48eb-8f97-a434e5c3d72e.htm
2012 Maruti Alto K10 VXI,"53,237 kms",Petrol,Manual,₹2.02 Lakh,,,"Hadapsar, Pune",https://images10.gaadi.com/usedcar_image/4926067/original/813f295fc5ba58c520e2a9fd99875e1a.JPG?imwidth=640,https://www.cardekho.com/buy-used-car-details/used-Maruti-alto-k10-vxi-cars-Pune_5df21045-53d4-4f6a-a8e2-418454890817.htm
2016 Skoda Rapid 1.6 MPI Ambition BSIV,"66,557 kms",Petrol,Manual,₹3.70 Lakh,₹3.84 Lakh,"(Save ₹14,367)","Thathawade, Pune",https://images10.gaadi.com/usedcar_image/4925223/original/acc6c361d25d08087186d61ff6869f2c.jpg?imwidth=640,https://www.cardekho.com/buy-used-car-details/used-Skoda-rapid-16-mpi-ambition-bsiv-cars-Pune_82801130-58b4-4ec4-8d5a-cb5ccf88b3aa.htm
2018 Hyundai Verna VTVT 1.6 SX,"44,900 kms",Petrol,Manual,₹7.60 Lakh,,,"Pimpri P F, Pune",https://images10.gaadi.com/usedcar_image/4878827/original/processed_e9b697c1-7968-4b83-9528-9f395d1c9595.jpg?imwidth=640,https://www.cardekho.com/used-car-details/used-Hyundai-verna-vtvt-16-sx-cars-Pune_3446d03a-b61b-4c49-a332-833815aa67fb.htm?adId=14402&adType=41
2018 Hyundai Grand i10 1.2 Kappa Asta,"20,288 kms",Petrol,Manual,₹5.12 Lakh,,,"Wagholi, Pune",https://images10.gaadi.com/usedcar_image/4927875/original/7ecee44260d3c1c73f037fb58ad9fdb8.JPG?imwidth=640,https://www.cardekho.com/buy-used-car-details/used-Hyundai-grand-i10-12-kappa-asta-cars-Pune_6ae41e6c-02ec-454d-9249-177e7660bf7f.htm
2021 Kia Seltos HTX,"41,933 kms",Petrol,Manual,₹8.31 Lakh,,,"Hadapsar, Pune",https://images10.gaadi.com/usedcar_image/4759160/original/b0482982d6f8a1bf0e7bb90ac34e13de.JPG?imwidth=640,https://www.cardekho.com/buy-used-car-details/used-Kia-seltos-htx-cars-Pune_7c76b7ad-bd9f-48dc-aad0-b17f7321db07.htm
2024 MG Hector Sharp Pro CVT,"31,997 kms",Petrol,Automatic,₹16.75 Lakh,,,"Hadapsar, Pune",https://images10.gaadi.com/usedcar_image/4835200/original/processed_e5350322-cf6b-4de1-94d3-a3881b7eae4a.jpg?imwidth=640,https://www.cardekho.com/used-car-details/used-Mg-hector-sharp-pro-cvt-cars-Pune_5adfc295-127b-46e8-8d28-3c02e2b743a6.htm
2014 Volkswagen Polo 1.2 MPI Highline,"43,000 kms",Petrol,Manual,₹4.75 Lakh,,,"Karvenagar, Pune",https://images10.gaadi.com/usedcar_image/4725934/original/processed_e69c0e723e3517b7a9f55d9c8987b001.jpeg?imwidth=640,https://www.cardekho.com/used-car-details/used-Volkswagen-polo-12-mpi-highline-cars-Pune_16af657d-fe7a-464c-bb17-52e99b130df3.htm?adId=13408&adType=41
2012 Maruti Wagon R LXI BSVI,"58,511 kms",Petrol,Manual,₹2.34 Lakh,,,"Wakad, Pune",https://stimg.cardekho.com/pwa/img/spacer3x2.png,https://www.cardekho.com/buy-used-car-details/used-Maruti-wagon-r-lxi-bsvi-cars-Pune_c66b4d9c-f0aa-42a6-9ee2-c3c4f423d5b1.htm
2015 Honda Amaze VX AT i-Vtech,"55,000 kms",Petrol,Automatic,₹3.99 Lakh,,,"Yerwada, Pune",https://stimg.cardekho.com/pwa/img/spacer3x2.png,https://www.cardekho.com/used-car-details/used-Honda-amaze-vx-at-i-vtech-cars-Pune_31264942-fcc4-4639-9c81-8d1ae386fd08.htm
2013 Maruti Wagon R VXI,"1,03,648 kms",Petrol,Manual,₹2.48 Lakh,,,"Hadapsar, Pune",https://stimg.cardekho.com/pwa/img/spacer3x2.png,https://www.cardekho.com/buy-used-car-details/used-Maruti-wagon-r-vxi-cars-Pune_6779a5d0-c611-4855-a3df-668492f56f4b.htm
2018 BMW 3 Series GT Luxury Line,"90,000 kms",Diesel,Automatic,₹19 Lakh,,,"Viman Nagar, Pune",https://stimg.cardekho.com/pwa/img/spacer3x2.png,https://www.cardekho.com/used-car-details/used-Bmw-3-series-gt-luxury-line-cars-Pune_38240dc8-08cd-4b5a-aea0-5e2fcbabed52.htm?adId=15876&adType=41
2012 Hyundai i10 Magna 1.2,"98,054 kms",Petrol,Manual,₹2.27 Lakh,,,"Wagholi, Pune",https://stimg.cardekho.com/pwa/img/spacer3x2.png,https://www.cardekho.com/buy-used-car-details/used-Hyundai-i10-magna-12-cars-Pune_e3d2102a-d47d-4667-b561-ab67e06e8188.htm
2010 Hyundai i20 1.2 Sportz,"90,000 kms",Petrol,Manual,₹2.35 Lakh,,,"Kondhwa, Pune",https://stimg.cardekho.com/pwa/img/spacer3x2.png,https://www.cardekho.com/used-car-details/used-Hyundai-i20-12-sportz-cars-Pune_ea221062-a7ed-4c69-8786-f388649f2745.htm
2023 MG Hector Sharp Pro CVT,"25,000 kms",Petrol,Automatic,₹16.85 Lakh,₹17.95 Lakh,"(Save ₹1,10,000)","Wanowarie, Pune",https://stimg.cardekho.com/pwa/img/spacer3x2.png,https://www.cardekho.com/used-car-details/used-Mg-hector-sharp-pro-cvt-cars-Pune_eb57b626-9c0d-4f98-85a2-f847695cb30f.htm
2011 Volkswagen Polo IPL II 1.2 Diesel Highline,"1,20,000 kms",Diesel,Manual,₹3 Lakh,,,"Balewadi, Pune",https://stimg.cardekho.com/pwa/img/spacer3x2.png,https://www.cardekho.com/used-car-details/used-Volkswagen-polo-ipl-ii-12-diesel-highline-cars-Pune_e28e8d50-473e-4501-9ef0-3a82d339a0b1.htm?adId=15760&adType=41
2019 Volkswagen Polo 1.0 MPI Comfortline BSIV,"56,000 kms",Petrol,Manual,₹5.25 Lakh,,,"Rahatani, Pune",https://stimg.cardekho.com/pwa/img/spacer3x2.png,https://www.cardekho.com/used-car-details/used-Volkswagen-polo-10-mpi-comfortline-bsiv-cars-Pune_e644b3a7-4ea2-43b6-9d7d-7b961ff89971.htm
2017 Maruti Alto 800 LXi,"40,635 kms",Petrol,Manual,₹2.56 Lakh,,,"Wakad, Pune",https://stimg.cardekho.com/pwa/img/spacer3x2.png,https://www.cardekho.com/buy-used-car-details/used-Maruti-alto-800-lxi-cars-Pune_7ff382ee-f77b-4c2d-b802-26696f877aa8.htm
2020 Kia Seltos HTX,"35,259 kms",Petrol,Manual,₹7.98 Lakh,,,"Pashan, Pune",https://stimg.cardekho.com/pwa/img/spacer3x2.png,https://www.cardekho.com/buy-used-car-details/used-Kia-seltos-htx-cars-Pune_a71f5895-6050-41c4-8a09-319dcfe4bc31.htm
2014 Hyundai i20 Sportz 1.2,"1,00,000 kms",Petrol,Manual,₹3.35 Lakh,,,"Punawale, Pune",https://stimg.cardekho.com/pwa/img/spacer3x2.png,https://www.cardekho.com/used-car-details/used-Hyundai-i20-sportz-12-cars-Pune_beeaab45-32d6-4889-a0ee-23d57d2839eb.htm?adId=15617&adType=41
2011 Toyota Etios V,"66,000 kms",Petrol,Manual,₹2.75 Lakh,,,"Kondhwa, Pune",https://images10.gaadi.com/usedcar_image/4925401/original/processed_74fa91ee-08df-42ae-83e7-8cb4a17ec7d5.jpg?imwidth=640,https://www.cardekho.com/used-car-details/used-Toyota-etios-v-cars-Pune_f8201b3a-cb0e-49e5-b826-aacfbfb63aea.htm
2022 Nissan Magnite Turbo CVT XV,"33,462 kms",Petrol,Automatic,₹7.16 Lakh,,,"Wakad, Pune",https://images10.gaadi.com/usedcar_image/4774915/original/29101ba167b1a6cd1854d0b3f9819f6e.JPG?imwidth=640,https://www.cardekho.com/buy-used-car-details/used-Nissan-magnite-turbo-cvt-xv-cars-Pune_03d52ae7-1b28-445d-b86b-a08efcf90883.htm
2022 Hyundai Grand i10 Nios Sportz CNG,"48,261 kms",CNG,Manual,₹5.92 Lakh,,,"Wagholi, Pune",https://images10.gaadi.com/usedcar_image/4933909/original/8a6026a8019fa3f9ade53c6a3c2b8e3d.JPG?imwidth=640,https://www.cardekho.com/buy-used-car-details/used-Hyundai-grand-i10-nios-sportz-cng-cars-Pune_c094096e-7857-4e43-af3d-973933faeb19.htm
2015 Maruti Swift LXI BSIV,"25,000 kms",Petrol,Manual,₹3.49 Lakh,,,"Yerwada, Pune",https://images10.gaadi.com/usedcar_image/4895779/original/processed_f975a03cc397778176c99d1697e1a739.jpg?imwidth=640,https://www.cardekho.com/used-car-details/used-Maruti-swift-lxi-bsiv-cars-Pune_9a9d8953-246a-46d4-8e34-8f1d8d4724a5.htm?adId=15607&adType=41
2023 MG Astor Savvy CVT BSVI,"30,000 kms",Petrol,Automatic,₹12 Lakh,,,"Sinhagad Road, Pune",https://images10.gaadi.com/usedcar_image/4932158/original/processed_30052cd975a12083db1b1dfa3b3d9380.jpg?imwidth=640,https://www.cardekho.com/used-car-details/used-Mg-astor-savvy-cvt-bsvi-cars-Pune_d6facb53-c213-417d-a5c1-c52b1da01f5f.htm
2022 Mercedes-Benz GLC 220d 4MATIC,"55,300 kms",Diesel,Automatic,₹48 Lakh,,,"R.s., Pune",https://images10.gaadi.com/usedcar_image/4861867/original/processed_7367a293-a8bd-4dbc-969a-835582ae7762.jpg?imwidth=640,https://www.cardekho.com/used-car-details/used-Mercedes-benz-glc-220d-4matic-cars-Pune_c6d28f43-7ed6-4d9d-b614-2dbdda83715d.htm
2012 Toyota Etios Liva G,"40,000 kms",Petrol,Manual,₹2.80 Lakh,,,"Kondhwa, Pune",https://stimg.cardekho.com/pwa/img/spacer3x2.png,https://www.cardekho.com/used-car-details/used-Toyota-etios-liva-g-cars-Pune_28d5c879-4aaa-47cb-9389-0c9fa86f0a49.htm
2009 Maruti Wagon R LXI Minor,"70,000 kms",Petrol,Manual,₹1.30 Lakh,,,"Warje, Pune",https://stimg.cardekho.com/pwa/img/spacer3x2.png,https://www.cardekho.com/used-car-details/used-Maruti-wagon-r-lxi-minor-cars-Pune_06b7db6a-3518-4947-974a-89495224bc84.htm?adId=15001&adType=41
2018 Jaguar XE 2.0L Diesel Pure,"50,900 kms",Diesel,Automatic,₹16 Lakh,,,"Khondhwa KH, Pune",https://stimg.cardekho.com/pwa/img/spacer3x2.png,https://www.cardekho.com/used-car-details/used-Jaguar-xe-20l-diesel-pure-cars-Pune_d1eb3187-f869-4f91-9bc5-2165b8a591d4.htm
2016 Ford Ecosport 1.0 Ecoboost Trend Plus BSIV,"60,352 kms",Petrol,Manual,₹4.22 Lakh,₹4.31 Lakh,"(Save ₹9,000)","Hadapsar, Pune",https://stimg.cardekho.com/pwa/img/spacer3x2.png,https://www.cardekho.com/buy-used-car-details/used-Ford-ecosport-10-ecoboost-trend-plus-bsiv-cars-Pune_30050c63-1f16-4128-b06c-81b5399affe1.htm
2016 Hyundai i20 Sportz 1.2,"29,865 kms",Petrol,Manual,₹5.18 Lakh,,,"Hadapsar, Pune",https://stimg.cardekho.com/pwa/img/spacer3x2.png,https://www.cardekho.com/buy-used-car-details/used-Hyundai-i20-sportz-12-cars-Pune_6386889c-9529-43fd-9bbb-cd8d246f1ff0.htm
2012 Maruti Alto K10 2010-2014 VXI,"40,000 kms",Petrol,Manual,₹2 Lakh,,,"Chinchwadgaon, Pune",https://stimg.cardekho.com/pwa/img/spacer3x2.png,https://www.cardekho.com/used-car-details/used-Maruti-alto-k10-2010-2014-vxi-cars-Pune_cb82b26e-6ead-4111-b5bf-bc83fd6c4b33.htm?adId=14685&adType=41
2021 Tata Altroz XT Turbo,"48,305 kms",Petrol,Manual,₹5.90 Lakh,₹6.06 Lakh,"(Save ₹15,765)","Thathawade, Pune",https://stimg.cardekho.com/pwa/img/spacer3x2.png,https://www.cardekho.com/buy-used-car-details/used-Tata-altroz-xt-turbo-cars-Pune_ddf318f1-034c-4be7-ba18-5247c9272795.htm
2023 Honda Amaze VX CVT Petrol,"47,746 kms",Petrol,Automatic,₹7.71 Lakh,,,"Wakad, Pune",https://stimg.cardekho.com/pwa/img/spacer3x2.png,https://www.cardekho.com/buy-used-car-details/used-Honda-amaze-vx-cvt-petrol-cars-Pune_43fdad93-6b7f-4c5b-9976-c9f58de1f17d.htm
2018 Renault KWID 1.0 RXT AMT Opt,"25,688 kms",Petrol,Automatic,₹3.10 Lakh,,,"Hadapsar, Pune",https://stimg.cardekho.com/pwa/img/spacer3x2.png,https://www.cardekho.com/buy-used-car-details/used-Renault-kwid-10-rxt-amt-opt-cars-Pune_6cd89ad2-c45b-4998-b84d-3bd786a46bcb.htm
2018 Jeep Compass 1.4 Sport,"50,000 kms",Petrol,Manual,₹7.20 Lakh,,,Pune,https://stimg.cardekho.com/pwa/img/spacer3x2.png,https://www.cardekho.com/used-car-details/used-Jeep-compass-14-sport-cars-Pune_b35904fe-3095-4586-96f3-0f29353d3659.htm?adId=15670&adType=41
2019 Kia Seltos GTX,"51,922 kms",Petrol,Manual,₹10.43 Lakh,,,"Hadapsar, Pune",https://stimg.cardekho.com/pwa/img/spacer3x2.png,https://www.cardekho.com/buy-used-car-details/used-Kia-seltos-gtx-cars-Pune_aeadabf8-7b3d-4b80-bac6-8a0e7feb714e.htm
2017 Hyundai Grand i10 1.2 Kappa Asta,"28,211 kms",Petrol,Manual,₹4.49 Lakh,,,"Wakad, Pune",https://stimg.cardekho.com/pwa/img/spacer3x2.png,https://www.cardekho.com/buy-used-car-details/used-Hyundai-grand-i10-12-kappa-asta-cars-Pune_6041061a-92c1-46bf-925f-684d42b9ca10.htm
2017 Renault KWID 1.0 RXT Opt,"53,639 kms",Petrol,Manual,₹3.10 Lakh,,,"Wakad, Pune",https://images10.gaadi.com/usedcar_image/4921896/original/d4d3005ca017605be9e6894ea0bd968c.JPG?imwidth=640,https://www.cardekho.com/buy-used-car-details/used-Renault-kwid-10-rxt-opt-cars-Pune_61353219-06cd-427f-921b-36ee0e4c64ff.htm
2024 Tata Nexon Pure S,"17,000 kms",Petrol,Manual,₹9.99 Lakh,₹10.99 Lakh,"(Save ₹1,00,000)","Yerwada, Pune",https://images10.gaadi.com/usedcar_image/4857999/original/processed_7763c7b093b1277bb06f553f65ee036e.jpg?imwidth=640,https://www.cardekho.com/used-car-details/used-Tata-nexon-pure-s-cars-Pune_38eb597b-4d4e-4d20-a005-380de858d687.htm?adId=14812&adType=41
2012 Hyundai i10 Sportz AT,"46,000 kms",Petrol,Automatic,₹2.25 Lakh,,,"Rahatani, Pune",https://images10.gaadi.com/usedcar_image/4934477/original/processed_44dd67aa-cbce-4a67-a2b7-c910a24b99ca.jpg?imwidth=640,https://www.cardekho.com/used-car-details/used-Hyundai-i10-sportz-at-cars-Pune_8620bf4f-c190-4a20-84ea-ef3b4d571b77.htm
2014 Maruti Wagon R VXI,"83,912 kms",Petrol,Manual,₹2.93 Lakh,,,"Wakad, Pune",https://images10.gaadi.com/usedcar_image/4916191/original/8da5816c5c28453316f8552772405113.JPG?imwidth=640,https://www.cardekho.com/buy-used-car-details/used-Maruti-wagon-r-vxi-cars-Pune_01550a42-5606-4e0e-8027-52233e157735.htm
2023 Tata Nexon XZA Plus AMT S,"23,037 kms",Petrol,Automatic,₹9.92 Lakh,,,"Hadapsar, Pune",https://images10.gaadi.com/usedcar_image/4723519/original/0323326a657032111b3c7a27dd012006.JPG?imwidth=640,https://www.cardekho.com/buy-used-car-details/used-Tata-nexon-xza-plus-amt-s-cars-Pune_914480d2-a4d3-48ee-8bf0-918bd015e4ab.htm
2021 Toyota Innova Crysta 2.4 ZX 7 STR AT,"50,000 kms",Diesel,Automatic,₹28 Lakh,,,"Baner Gaon, Pune",https://images10.gaadi.com/usedcar_image/4900727/original/processed_d9f537db-e703-4525-8503-e3f55797130a.jpeg?imwidth=640,https://www.cardekho.com/used-car-details/used-Toyota-innova-crysta-24-zx-7-str-at-cars-Pune_d38158e4-0e76-4ee3-96c9-ba66079e3183.htm?adId=14881&adType=41
2017 Maruti Ignis 1.2 Delta BSIV,"83,468 kms",Petrol,Manual,₹3.05 Lakh,₹3.35 Lakh,"(Save ₹30,301)","Thathawade, Pune",https://images10.gaadi.com/usedcar_image/4927112/original/97cb754d7b1c5fae9894fd09d269bbf0.jpg?imwidth=640,https://www.cardekho.com/buy-used-car-details/used-Maruti-ignis-12-delta-bsiv-cars-Pune_4b1c721e-37f6-4053-b9ea-e80b048483c2.htm
2022 Maruti Wagon R VXI CNG BSVI,"37,500 kms",CNG,Manual,₹5.50 Lakh,₹5.70 Lakh,"(Save ₹20,000)","City, Pune",https://images10.gaadi.com/usedcar_image/4927706/original/processed_50cfc54c-1a7a-4b19-966c-9bc53f270e4a.jpg?imwidth=640,https://www.cardekho.com/used-car-details/used-Maruti-wagon-r-vxi-cng-bsvi-cars-Pune_ad1690a1-a782-4263-9216-0aba1d5cde1e.htm
2022 Hyundai Venue SX Opt Turbo,"16,267 kms",Petrol,Manual,₹9.07 Lakh,₹9.20 Lakh,"(Save ₹13,000)","Wakad, Pune",https://images10.gaadi.com/usedcar_image/4759141/original/9b84164651f66a7feaad7f0c708c99c0.JPG?imwidth=640,https://www.cardekho.com/buy-used-car-details/used-Hyundai-venue-sx-opt-turbo-cars-Pune_ca157613-145b-43f8-a769-eb7d1ff99841.htm
2012 Skoda Rapid Leisure 1.6 TDI MT,"1,20,000 kms",Diesel,Manual,₹3 Lakh,,,"Madhav Nagar, Dhanori, Pune",https://stimg.cardekho.com/pwa/img/spacer3x2.png,https://www.cardekho.com/used-car-details/used-Skoda-rapid-leisure-16-tdi-mt-cars-Pune_f0187065-8202-4718-96a0-61c61deee548.htm?adId=14921&adType=41
2022 Maruti Swift Dzire VXI BSVI,"25,955 kms",Petrol,Manual,₹5.68 Lakh,₹6.00 Lakh,"(Save ₹32,282)","Thathawade, Pune",https://stimg.cardekho.com/pwa/img/spacer3x2.png,https://www.cardekho.com/buy-used-car-details/used-Maruti-swift-dzire-vxi-bsvi-cars-Pune_723a8374-f8f4-4652-9f67-24057047a72a.htm
2015 Maruti Swift VXI,"34,770 kms",Petrol,Manual,₹4.26 Lakh,₹4.35 Lakh,"(Save ₹9,000)","Wakad, Pune",https://stimg.cardekho.com/pwa/img/spacer3x2.png,https://www.cardekho.com/buy-used-car-details/used-Maruti-swift-vxi-cars-Pune_fc5ce319-c071-428f-9e36-7b0ecc6effd4.htm
2018 Tata Tigor 1.2 Revotron XZA,"52,000 kms",Petrol,Automatic,₹3.55 Lakh,,,"Ravet, Pune",https://stimg.cardekho.com/pwa/img/spacer3x2.png,https://www.cardekho.com/used-car-details/used-Tata-tigor-12-revotron-xza-cars-Pune_c87c469e-4cac-46eb-bde9-13813201ce0d.htm
2019 Tata Nexon 1.2 Revotron XZA Plus,"77,000 kms",Petrol,Automatic,₹5.50 Lakh,,,"Rajgurunagar, Pune",https://stimg.cardekho.com/pwa/img/spacer3x2.png,https://www.cardekho.com/used-car-details/used-Tata-nexon-12-revotron-xza-plus-cars-Pune_a1793482-14a2-4071-9062-bb43a481ef7f.htm?adId=15735&adType=41
2021 Hyundai Grand i10 1.2 Kappa Sportz BSIV,"41,986 kms",Petrol,Manual,₹5.90 Lakh,,,"Wakad, Pune",https://stimg.cardekho.com/pwa/img/spacer3x2.png,https://www.cardekho.com/buy-used-car-details/used-Hyundai-grand-i10-12-kappa-sportz-bsiv-cars-Pune_000ded52-f802-4dda-b70e-70524207e107.htm
2021 Tata Tiago XZ Plus BSVI,"27,862 kms",Petrol,Manual,₹4.40 Lakh,₹5.45 Lakh,"(Save ₹1,05,348)","Thathawade, Pune",https://images10.gaadi.com/usedcar_image/4830347/original/0aaf0b600b438daa0a76c702824fb33f.jpg?imwidth=640,https://www.cardekho.com/buy-used-car-details/used-Tata-tiago-xz-plus-bsvi-cars-Pune_337c6e2e-ef47-4082-9635-58a64ad44b64.htm
2021 Kia Seltos HTX,"58,646 kms",Petrol,Manual,₹8.40 Lakh,,,"Hadapsar, Pune",https://images10.gaadi.com/usedcar_image/4790924/original/d2b6e69aa11623f14041d75781a0be81.JPG?imwidth=640,https://www.cardekho.com/buy-used-car-details/used-Kia-seltos-htx-cars-Pune_3f8ea2f7-3b82-4fdf-bed4-5c9d61c2f36b.htm
2011 Maruti Swift Dzire 1.2 Vxi BSIV,"1,00,000 kms",Petrol,Manual,₹2.55 Lakh,,,"Bavdhan, Pune",https://images10.gaadi.com/usedgaadi-sellcar/UsedCar/k5ee8451a/79d3affd-53ce-4a6f-a3b1-8c85099d835e.jpeg?imwidth=640,https://www.cardekho.com/used-car-details/used-Maruti-swift-dzire-12-vxi-bsiv-cars-Pune_5b5ba4a1-025b-4c24-b242-bfd6e445067c.htm?adId=15111&adType=41
2023 Tata Nexon XZ Plus S,"17,814 kms",Petrol,Manual,₹9.87 Lakh,,,"Hadapsar, Pune",https://images10.gaadi.com/usedcar_image/4838190/original/47bbf15c2e303a9f71b05c3ff1fe200b.JPG?imwidth=640,https://www.cardekho.com/buy-used-car-details/used-Tata-nexon-xz-plus-s-cars-Pune_95756760-820f-47b7-a915-d00c5c4e2469.htm
2016 Hyundai Grand i10 1.2 Kappa Magna BSIV,"59,345 kms",Petrol,Manual,₹3.78 Lakh,₹3.89 Lakh,"(Save ₹11,000)","Pashan, Pune",https://images10.gaadi.com/usedcar_image/4916119/original/d912179308d5745e393920c2e2582b78.JPG?imwidth=640,https://www.cardekho.com/buy-used-car-details/used-Hyundai-grand-i10-12-kappa-magna-bsiv-cars-Pune_fedc2054-38db-48fb-b776-66e0e3565998.htm
2017 Hyundai i20 Asta 1.2,"1,04,578 kms",Petrol,Manual,₹4.65 Lakh,₹4.90 Lakh,"(Save ₹25,087)","Thathawade, Pune",https://images10.gaadi.com/usedcar_image/4930478/original/bb598e798fceeed834ec47693e84b4d9.jpg?imwidth=640,https://www.cardekho.com/buy-used-car-details/used-Hyundai-i20-asta-12-cars-Pune_2cd9f22d-f4da-468f-9748-2585738e3862.htm
2017 Maruti Celerio VXI AT,"50,000 kms",Petrol,Automatic,₹3.10 Lakh,,,"Infotech Park, Pune",https://stimg.cardekho.com/pwa/img/spacer3x2.png,https://www.cardekho.com/used-car-details/used-Maruti-celerio-vxi-at-cars-Pune_098fdc58-aafb-44e2-9792-5a27f56ec178.htm?adId=14242&adType=41
2022 Skoda Kushaq 1.0 TSI Ambition BSVI,"17,407 kms",Petrol,Manual,₹10.60 Lakh,₹12.85 Lakh,"(Save ₹2,25,089)","Thathawade, Pune",https://stimg.cardekho.com/pwa/img/spacer3x2.png,https://www.cardekho.com/buy-used-car-details/used-Skoda-kushaq-10-tsi-ambition-bsvi-cars-Pune_f6983276-2d6b-4b75-af08-e7082959e748.htm
2014 Maruti Swift RS VXI,"61,000 kms",Petrol,Manual,₹4.25 Lakh,,,"Kharadi, Pune",https://stimg.cardekho.com/pwa/img/spacer3x2.png,https://www.cardekho.com/used-car-details/used-Maruti-swift-rs-vxi-cars-Pune_7c7e407c-2d72-45e8-b3db-c6e5baf53742.htm
2024 Tata Punch Accomplished Dazzle,"8,699 kms",Petrol,Manual,₹8.71 Lakh,,,"Hadapsar, Pune",https://images10.gaadi.com/usedcar_image/4641754/original/fd0c1e6fdad95a1df554b18eb54c0114.JPG?imwidth=640,https://www.cardekho.com/buy-used-car-details/used-Tata-punch-accomplished-dazzle-cars-Pune_6cdfff0c-4866-432f-a748-1df64eb515fd.htm
2012 Volkswagen Polo Petrol Highline 1.2L,"52,000 kms",Petrol,Manual,₹2.95 Lakh,,,"Yerwada, Pune",https://images10.gaadi.com/usedcar_image/4864918/original/processed_4d24d7acb651e273770c6bb8c31c6643.jpg?imwidth=640,https://www.cardekho.com/used-car-details/used-Volkswagen-polo-petrol-highline-12l-cars-Pune_e7a59337-5e75-45e0-bd4e-5ec182ed7046.htm?adId=15800&adType=41
2023 Honda Amaze 2nd Gen VX CVT,"34,000 kms",Petrol,Automatic,₹7.75 Lakh,,,"Wanowarie, Pune",https://images10.gaadi.com/usedcar_image/4913713/original/processed_6e1da009-a64c-4c87-8459-b3d74d912df2.jpg?imwidth=640,https://www.cardekho.com/used-car-details/used-Honda-amaze-2nd-gen-vx-cvt-cars-Pune_8e77cea3-c486-425f-ae4a-13976121b102.htm
2023 Kia Sonet HTX Turbo iMT,"63,131 kms",Petrol,Manual,₹9.52 Lakh,,,"Pashan, Pune",https://images10.gaadi.com/usedcar_image/4860936/original/d9162766a577b3fe95f9708024a2bf1a.JPG?imwidth=640,https://www.cardekho.com/buy-used-car-details/used-Kia-sonet-htx-turbo-imt-cars-Pune_d6b452dc-ca33-4509-943d-bab396db20aa.htm
2010 Maruti Wagon R LXI BS IV,"49,000 kms",Petrol,Manual,₹2.25 Lakh,₹2.40 Lakh,"(Save ₹15,000)","Pimpri, Pune",https://images10.gaadi.com/usedcar_image/AP3A.240905.015.A2/original/5aeadff2-861f-49a4-977f-6fc151c37195.jpg?imwidth=640,https://www.cardekho.com/used-car-details/used-Maruti-wagon-r-lxi-bs-iv-cars-Pune_ef70b879-1b1a-477b-b98a-1dbcfed5c767.htm
2013 Mahindra Thar 4X2,"59,000 kms",Diesel,Manual,₹4.25 Lakh,₹4.65 Lakh,"(Save ₹40,000)","Yerwada, Pune",https://images10.gaadi.com/usedcar_image/4664658/original/processed_ccf437544be2335ada326d212ec81a8b.jpg?imwidth=640,https://www.cardekho.com/used-car-details/used-Mahindra-thar-4x2-cars-Pune_93c465f9-be8b-4b8f-a04d-0a8c0b00cacc.htm?adId=10070&adType=41
2015 Maruti Wagon R VXI,"49,302 kms",Petrol,Manual,₹3.36 Lakh,,,"Hadapsar, Pune",https://stimg.cardekho.com/pwa/img/spacer3x2.png,https://www.cardekho.com/buy-used-car-details/used-Maruti-wagon-r-vxi-cars-Pune_b59a6f53-e71b-416b-a00c-e01afc27fadc.htm
2019 Tata Tiago 1.2 Revotron XZ,"76,218 kms",Petrol,Manual,₹3.75 Lakh,₹3.87 Lakh,"(Save ₹11,932)","Thathawade, Pune",https://stimg.cardekho.com/pwa/img/spacer3x2.png,https://www.cardekho.com/buy-used-car-details/used-Tata-tiago-12-revotron-xz-cars-Pune_77c8035f-0704-4488-abe6-bd2acfa8c1e9.htm
2013 Honda Brio VX AT,"55,000 kms",Petrol,Automatic,₹3.25 Lakh,,,"Yerwada, Pune",https://stimg.cardekho.com/pwa/img/spacer3x2.png,https://www.cardekho.com/used-car-details/used-Honda-brio-vx-at-cars-Pune_b6f44725-2f6f-469c-9dc5-3b6badad9af6.htm
2016 Hyundai Verna 1.6 VTVT SX,"30,000 kms",Petrol,Manual,₹4.25 Lakh,,,"Hadapsar, Pune",https://stimg.cardekho.com/pwa/img/spacer3x2.png,https://www.cardekho.com/used-car-details/used-Hyundai-verna-16-vtvt-sx-cars-Pune_c8447c89-587a-4563-a47f-8ff289506cf2.htm?adId=15515&adType=41
2021 Hyundai Creta EX BSVI,"29,363 kms",Petrol,Manual,₹9 Lakh,₹9.82 Lakh,"(Save ₹82,329)","Thathawade, Pune",https://stimg.cardekho.com/pwa/img/spacer3x2.png,https://www.cardekho.com/buy-used-car-details/used-Hyundai-creta-ex-bsvi-cars-Pune_af6fa214-8d2c-4b0f-a22b-d9e251a88cf4.htm
2021 Hyundai Venue SX Opt Turbo DCT Special Edition,"46,327 kms",Petrol,Automatic,₹9.28 Lakh,,,"Wakad, Pune",https://stimg.cardekho.com/pwa/img/spacer3x2.png,https://www.cardekho.com/buy-used-car-details/used-Hyundai-venue-sx-opt-turbo-dct-special-edition-cars-Pune_854084cc-4af3-47e2-a6f9-a87dba5b2048.htm
2013 Honda Brio S MT,"61,376 kms",Petrol,Manual,₹2.54 Lakh,,,"Wakad, Pune",https://stimg.cardekho.com/pwa/img/spacer3x2.png,https://www.cardekho.com/buy-used-car-details/used-Honda-brio-s-mt-cars-Pune_61c7dbcc-943a-43da-91f5-a0f81a311b5c.htm
2014 Maruti Swift Dzire VXI,"1,00,000 kms",Petrol,Manual,₹2.75 Lakh,,,"Mohamad Wadi, Pune",https://stimg.cardekho.com/pwa/img/spacer3x2.png,https://www.cardekho.com/used-car-details/used-Maruti-swift-dzire-vxi-cars-Pune_a88aea29-c887-4bdb-a7ac-067af86ff591.htm?adId=15376&adType=41
2021 Kia Seltos HTK Plus AT D,"51,400 kms",Diesel,Automatic,₹14 Lakh,,,"R.s., Pune",https://stimg.cardekho.com/pwa/img/spacer3x2.png,https://www.cardekho.com/used-car-details/used-Kia-seltos-htk-plus-at-d-cars-Pune_6869c4bb-6dfb-4242-a801-5da6d6952f23.htm
2014 Hyundai Xcent Petrol,"90,786 kms",Petrol,Manual,₹3.92 Lakh,,,"Wakad, Pune",https://stimg.cardekho.com/pwa/img/spacer3x2.png,https://www.cardekho.com/buy-used-car-details/used-Hyundai-xcent-petrol-cars-Pune_0544300e-8ea2-47d5-9151-0268aabadd92.htm
2017 Maruti Celerio ZXI,"47,432 kms",Petrol,Manual,₹4.09 Lakh,,,"Hadapsar, Pune",https://stimg.cardekho.com/pwa/img/spacer3x2.png,https://www.cardekho.com/buy-used-car-details/used-Maruti-celerio-zxi-cars-Pune_43c00f96-d8b4-447f-b4a2-e348c51736fc.htm
2025 Citroen C3 Turbo Shine AT,"4,800 kms",Petrol,Automatic,₹9 Lakh,,,"Wanowarie, Pune",https://stimg.cardekho.com/pwa/img/spacer3x2.png,https://www.cardekho.com/used-car-details/used-Citroen-c3-turbo-shine-at-cars-Pune_3703334b-8f97-497c-b2df-ba23c4bb02ac.htm?adId=15961&adType=41
2022 Volkswagen Taigun 1.0 Highline,"25,270 kms",Petrol,Manual,₹9.53 Lakh,,,"Wakad, Pune",https://images10.gaadi.com/usedcar_image/4863522/original/1cb97b21f0efa7131a656be442dc627c.JPG?imwidth=640,https://www.cardekho.com/buy-used-car-details/used-Volkswagen-taigun-10-highline-cars-Pune_eb0ce819-877a-4465-9dd2-a91883c9b2b7.htm
2016 Hyundai Grand i10 Magna,"72,599 kms",Petrol,Manual,₹3.10 Lakh,₹3.60 Lakh,"(Save ₹50,063)","Thathawade, Pune",https://images10.gaadi.com/usedcar_image/4925069/original/df87339a22f9836b4364f9e1ce89dd3b.jpg?imwidth=640,https://www.cardekho.com/buy-used-car-details/used-Hyundai-grand-i10-magna-cars-Pune_0db2a96c-0e94-48dd-81ee-9f96d777a7cb.htm
2022 Tata Nexon XZA Plus (O) AMT,"27,776 kms",Petrol,Automatic,₹9.23 Lakh,,,"Wakad, Pune",https://images10.gaadi.com/usedcar_image/4686209/original/2caea1a59f201b4c20ed30496a071880.JPG?imwidth=640,https://www.cardekho.com/buy-used-car-details/used-Tata-nexon-xza-plus-o-amt-cars-Pune_467b9c00-aa3f-4c10-baea-087e5cf7a6f0.htm
2014 Toyota Innova 2.5 VX (Diesel) 7 Seater BS IV,"99,000 kms",Diesel,Manual,₹9.55 Lakh,,,Pune,https://images10.gaadi.com/usedcar_image/4895325/original/processed_950e75ad-3a47-4c0a-9ee1-1198285aab00.jpeg?imwidth=640,https://www.cardekho.com/used-car-details/used-Toyota-innova-25-vx-diesel-7-seater-bs-iv-cars-Pune_7d78464c-3597-4524-93ff-6a32f2c0dc91.htm?adId=14771&adType=41
2015 Hyundai i20 Sportz 1.2,"37,782 kms",Petrol,Manual,₹4.96 Lakh,,,"Hadapsar, Pune",https://images10.gaadi.com/usedcar_image/4900584/original/3e24e4429df91e9ce70dea4ccd98ccbe.JPG?imwidth=640,https://www.cardekho.com/buy-used-car-details/used-Hyundai-i20-sportz-12-cars-Pune_710a8555-60df-4699-aebe-214717248db5.htm
2022 Renault Triber RXT,"39,545 kms",Petrol,Manual,₹5.26 Lakh,,,"Hadapsar, Pune",https://images10.gaadi.com/usedcar_image/4794316/original/edc7c651095cef668962c12c846c2150.JPG?imwidth=640,https://www.cardekho.com/buy-used-car-details/used-Renault-triber-rxt-cars-Pune_0929fdaf-5881-48bf-8bae-89989f2d27c7.htm
2016 Maruti Baleno 1.2 Delta,"57,500 kms",Petrol,Manual,₹4.99 Lakh,,,"Shaniwar Peth, Pune",https://stimg.cardekho.com/pwa/img/spacer3x2.png,https://www.cardekho.com/used-car-details/used-Maruti-baleno-12-delta-cars-Pune_efe2a354-dceb-42e8-bb8d-5760fbd013b9.htm
2022 Maruti Ciaz Alpha BSVI,"49,800 kms",Petrol,Manual,₹7.70 Lakh,,,"Moshi, Pune",https://stimg.cardekho.com/pwa/img/spacer3x2.png,https://www.cardekho.com/used-car-details/used-Maruti-ciaz-alpha-bsvi-cars-Pune_acae49fc-8607-4521-9d45-0b3b105654bf.htm?adId=15729&adType=41
2015 Hyundai i20 Asta 1.2,"60,175 kms",Petrol,Manual,₹4.25 Lakh,₹4.50 Lakh,"(Save ₹24,988)","Thathawade, Pune",https://stimg.cardekho.com/pwa/img/spacer3x2.png,https://www.cardekho.com/buy-used-car-details/used-Hyundai-i20-asta-12-cars-Pune_f4ff6595-ff8d-4583-9dfa-71ac5cf8b5ff.htm
2015 Hyundai Verna 1.6 SX VTVT (O),"72,000 kms",Petrol,Manual,₹4.50 Lakh,,,"Khondhwa KH, Pune",https://stimg.cardekho.com/pwa/img/spacer3x2.png,https://www.cardekho.com/used-car-details/used-Hyundai-verna-16-sx-vtvt-o-cars-Pune_8d4c4c1c-b720-4acc-ad27-56feb09e83cc.htm
2016 Maruti Swift Dzire VXI,"60,045 kms",Petrol,Manual,₹4.36 Lakh,,,"Wakad, Pune",https://stimg.cardekho.com/pwa/img/spacer3x2.png,https://www.cardekho.com/buy-used-car-details/used-Maruti-swift-dzire-vxi-cars-Pune_3ec05b9f-53a3-4c7a-b857-cb12b680c90d.htm
2005 Skoda Octavia Ambiente 1.9 TDI MT,"30,000 kms",Diesel,Manual,₹2 Lakh,,,"Viman Nagar, Pune",https://stimg.cardekho.com/pwa/img/spacer3x2.png,https://www.cardekho.com/used-car-details/used-Skoda-octavia-ambiente-19-tdi-mt-cars-Pune_dabe6adb-3adf-4d0a-b0ab-f803142b6f29.htm?adId=14659&adType=41
2013 Maruti Swift LXi,"1,06,133 kms",Petrol,Manual,₹3.11 Lakh,,,"Wakad, Pune",https://stimg.cardekho.com/pwa/img/spacer3x2.png,https://www.cardekho.com/buy-used-car-details/used-Maruti-swift-lxi-cars-Pune_d9714971-6ac4-4a5d-a4f8-16d9044f84e8.htm
2022 Tata Tiago XZA Plus AMT BSVI,"14,500 kms",Petrol,Automatic,₹6.50 Lakh,₹6.75 Lakh,"(Save ₹25,000)","Hadapsar, Pune",https://stimg.cardekho.com/pwa/img/spacer3x2.png,https://www.cardekho.com/used-car-details/used-Tata-tiago-xza-plus-amt-bsvi-cars-Pune_36283d94-de39-4d3f-ae0a-f85bf2853ade.htm
2017 Tata Tiago 1.2 Revotron XZA,"23,175 kms",Petrol,Automatic,₹3.95 Lakh,,,"Wakad, Pune",https://stimg.cardekho.com/pwa/img/spacer3x2.png,https://www.cardekho.com/buy-used-car-details/used-Tata-tiago-12-revotron-xza-cars-Pune_8dd7e0ba-2485-4118-95e0-3a2d08f275bc.htm
2016 Renault KWID RXT,"50,000 kms",Petrol,Manual,₹1.85 Lakh,,,"Bibvewadi, Pune",https://stimg.cardekho.com/pwa/img/spacer3x2.png,https://www.cardekho.com/used-car-details/used-Renault-kwid-rxt-cars-Pune_1457f853-f740-48dc-8a55-a24da38a600e.htm?adId=15322&adType=41
2023 Maruti Alto K10 VXI S-CNG,"21,192 kms",CNG,Manual,₹4.81 Lakh,₹4.89 Lakh,"(Save ₹8,000)","Hadapsar, Pune",https://stimg.cardekho.com/pwa/img/spacer3x2.png,https://www.cardekho.com/buy-used-car-details/used-Maruti-alto-k10-vxi-s-cng-cars-Pune_3250c185-aaa4-485a-91cb-a14dc5c45799.htm
2015 Maruti Swift Dzire ZDI,"52,000 kms",Diesel,Manual,₹5.45 Lakh,,,"Rahatani, Pune",https://stimg.cardekho.com/pwa/img/spacer3x2.png,https://www.cardekho.com/used-car-details/used-Maruti-swift-dzire-zdi-cars-Pune_c1255321-212c-4693-8e8d-011be9527cf8.htm
2017 Hyundai Creta 1.6 EX Petrol,"60,199 kms",Petrol,Manual,₹7.90 Lakh,,,"Pashan, Pune",https://stimg.cardekho.com/pwa/img/spacer3x2.png,https://www.cardekho.com/buy-used-car-details/used-Hyundai-creta-16-ex-petrol-cars-Pune_ea03d8d1-5aa0-4c4e-a7e2-3663c584023c.htm
2016 Toyota Innova 2.5 ZX Diesel 7 Seater,"99,000 kms",Diesel,Manual,₹16.75 Lakh,,,"Andheri West, Mumbai",https://stimg.cardekho.com/pwa/img/spacer3x2.png,https://www.cardekho.com/used-car-details/used-Toyota-innova-25-zx-diesel-7-seater-cars-Mumbai_3a9087f2-2fcd-48a7-b350-ee3afce5b870.htm?adId=13056&adType=41
2015 Maruti Swift Dzire ZXi,"49,571 kms",Petrol,Manual,₹4.61 Lakh,₹4.67 Lakh,"(Save ₹6,000)","Hadapsar, Pune",https://stimg.cardekho.com/pwa/img/spacer3x2.png,https://www.cardekho.com/buy-used-car-details/used-Maruti-swift-dzire-zxi-cars-Pune_a1bc1f77-b581-43ce-b67d-20897fbd8aa2.htm
2023 Hyundai Venue SX,"20,110 kms",Petrol,Manual,₹9.95 Lakh,,,"Hadapsar, Pune",https://images10.gaadi.com/usedcar_image/4759187/original/2f74e66b4cff71d129bf5c6e648ce15e.JPG?imwidth=640,https://www.cardekho.com/buy-used-car-details/used-Hyundai-venue-sx-cars-Pune_1299ba22-efd8-4848-a72f-ab2454b1f3aa.htm
2022 Honda City VX MT,"31,929 kms",Petrol,Manual,₹10.73 Lakh,,,"Wagholi, Pune",https://images10.gaadi.com/usedcar_image/4934018/original/cfd105fe8663a1c1e1a8f38a84f28ad9.JPG?imwidth=640,https://www.cardekho.com/buy-used-car-details/used-Honda-city-vx-mt-cars-Pune_86194a96-a37e-43e6-8e41-7deedb8649e2.htm
2016 Maruti Celerio ZXI,"91,208 kms",Petrol,Manual,₹3.65 Lakh,,,"Wagholi, Pune",https://images10.gaadi.com/usedcar_image/4909388/original/48aa69043d49a48fcbe7c8454ae23aaf.JPG?imwidth=640,https://www.cardekho.com/buy-used-car-details/used-Maruti-celerio-zxi-cars-Pune_d6d8f6c6-9f47-4669-80a1-169ab4af8fe7.htm
2015 Maruti Wagon R Stingray VXI,"35,596 kms",Petrol,Manual,₹3 Lakh,₹3.29 Lakh,"(Save ₹28,824)","Thathawade, Pune",https://images10.gaadi.com/usedcar_image/4922827/original/b22312d09b3ee3e647fbbf833a324ad2.jpg?imwidth=640,https://www.cardekho.com/buy-used-car-details/used-Maruti-wagon-r-stingray-vxi-cars-Pune_90820384-8d10-45b6-b536-6ac16c4ff5b8.htm
2020 Kia Seltos HTX Diesel,"38,603 kms",Diesel,Manual,₹14 Lakh,,,"City, Pune",https://images10.gaadi.com/usedcar_image/4782067/original/processed_2e331905-29ea-4e28-b9fa-337b8ed184a6.jpg?imwidth=640,https://www.cardekho.com/used-car-details/used-Kia-seltos-htx-diesel-cars-Pune_c92b1d95-fecc-416c-89c7-5a27a8f3509e.htm
2022 Toyota Urban cruiser High,"35,987 kms",Petrol,Manual,₹8.27 Lakh,,,"Hadapsar, Pune",https://images10.gaadi.com/usedcar_image/4800536/original/7e95ae509863b9c4add17bc68077e8a1.JPG?imwidth=640,https://www.cardekho.com/buy-used-car-details/used-Toyota-urban-cruiser-high-cars-Pune_12c1faca-9c3e-49db-95a7-332517cb26ce.htm
2023 Tata Punch Pure Rhythm,"29,478 kms",Petrol,Manual,₹6.02 Lakh,,,"Pashan, Pune",https://stimg.cardekho.com/pwa/img/spacer3x2.png,https://www.cardekho.com/buy-used-car-details/used-Tata-punch-pure-rhythm-cars-Pune_b94f24ca-6669-45c3-826e-dfecf115a3ca.htm
2016 Honda Jazz V,"83,323 kms",Petrol,Manual,₹4.17 Lakh,,,"Wakad, Pune",https://stimg.cardekho.com/pwa/img/spacer3x2.png,https://www.cardekho.com/buy-used-car-details/used-Honda-jazz-v-cars-Pune_df012192-c2c4-4cb1-a8a0-c0e98fa90a2b.htm
2022 Mahindra Thar LX Hard Top Diesel AT,"57,761 kms",Diesel,Automatic,₹13.62 Lakh,,,"Pashan, Pune",https://stimg.cardekho.com/pwa/img/spacer3x2.png,https://www.cardekho.com/buy-used-car-details/used-Mahindra-thar-lx-hard-top-diesel-at-cars-Pune_bf502b37-52fc-4415-8be1-5f553e05e2aa.htm
2016 Honda City i VTEC V,"60,092 kms",Petrol,Manual,₹4 Lakh,₹4.77 Lakh,"(Save ₹76,895)","Thathawade, Pune",https://stimg.cardekho.com/pwa/img/spacer3x2.png,https://www.cardekho.com/buy-used-car-details/used-Honda-city-i-vtec-v-cars-Pune_0697fb9d-9931-4266-bcbc-b731749522c3.htm
2016 Hyundai i20 Sportz 1.2,"1,05,342 kms",Petrol,Manual,₹4 Lakh,₹4.71 Lakh,"(Save ₹70,526)","Thathawade, Pune",https://stimg.cardekho.com/pwa/img/spacer3x2.png,https://www.cardekho.com/buy-used-car-details/used-Hyundai-i20-sportz-12-cars-Pune_4e12d4c2-88cf-4f02-b1bc-36b328d07106.htm
2019 Hyundai Grand i10 1.2 Kappa Sportz BSIV,"59,694 kms",Petrol,Manual,₹4.40 Lakh,₹4.74 Lakh,"(Save ₹34,254)","Thathawade, Pune",https://stimg.cardekho.com/pwa/img/spacer3x2.png,https://www.cardekho.com/buy-used-car-details/used-Hyundai-grand-i10-12-kappa-sportz-bsiv-cars-Pune_dbe0ebf9-4414-4aaa-866c-f55047e048ed.htm
2016 Mercedes-Benz CLA 200 Sport Edition,"38,256 kms",Petrol,Automatic,₹16.41 Lakh,,,"Wakad, Pune",https://stimg.cardekho.com/pwa/img/spacer3x2.png,https://www.cardekho.com/buy-used-car-details/used-Mercedes-benz-cla-200-sport-edition-cars-Pune_ac06d80f-92d1-487a-b0b1-80d429a143cf.htm
2018 Tata Tigor XZA,"50,063 kms",Petrol,Automatic,₹4.60 Lakh,,,"Thathawade, Pune",https://stimg.cardekho.com/pwa/img/spacer3x2.png,https://www.cardekho.com/buy-used-car-details/used-Tata-tigor-xza-cars-Pune_6aaf4aaa-dc88-4b4c-a67d-c70b84fa6543.htm
2016 Maruti Baleno 1.2 Delta,"20,033 kms",Petrol,Manual,₹4.45 Lakh,,,"Thathawade, Pune",https://stimg.cardekho.com/pwa/img/spacer3x2.png,https://www.cardekho.com/buy-used-car-details/used-Maruti-baleno-12-delta-cars-Pune_cfabfcfb-304f-4f08-b22a-99726b9d298d.htm
2014 Maruti Alto K10 VXI,"47,067 kms",Petrol,Manual,₹2.70 Lakh,,,"Dehu Road Cantt, Pune",https://stimg.cardekho.com/pwa/img/spacer3x2.png,https://www.cardekho.com/used-car-details/used-Maruti-alto-k10-vxi-cars-Pune_18c273a2-049e-4de3-8795-fb1edde7f905.htm
2012 Volkswagen Vento Diesel Highline,"1,15,000 kms",Diesel,Manual,₹3 Lakh,,,"Khondhwa KH, Pune",https://stimg.cardekho.com/pwa/img/spacer3x2.png,https://www.cardekho.com/used-car-details/used-Volkswagen-vento-diesel-highline-cars-Pune_d500ad7e-21be-49f7-b2c6-874e41d93689.htm
2019 Hyundai i20 Asta Option CVT BSIV,"53,657 kms",Petrol,Automatic,₹6.35 Lakh,₹6.69 Lakh,"(Save ₹34,010)","Thathawade, Pune",https://stimg.cardekho.com/pwa/img/spacer3x2.png,https://www.cardekho.com/buy-used-car-details/used-Hyundai-i20-asta-option-cvt-bsiv-cars-Pune_79546bda-1c78-42fc-92a4-48f2f4e9e501.htm
2015 Maruti Celerio VXI AMT,"88,128 kms",Petrol,Automatic,₹2.90 Lakh,₹2.97 Lakh,"(Save ₹7,312)","Thathawade, Pune",https://stimg.cardekho.com/pwa/img/spacer3x2.png,https://www.cardekho.com/buy-used-car-details/used-Maruti-celerio-vxi-amt-cars-Pune_cf13e7bb-98bc-4256-95f1-73f6f8e54989.htm
2024 Toyota Hyryder V HYBRID,"7,500 kms",Petrol,Automatic,₹21 Lakh,,,"Undri, Pune",https://stimg.cardekho.com/pwa/img/spacer3x2.png,https://www.cardekho.com/used-car-details/used-Toyota-hyryder-v-hybrid-cars-Pune_ecb34aca-28a7-4674-a7f3-74f78a226310.htm
2023 Skoda Kushaq 1.0 TSI Style,"18,028 kms",Petrol,Manual,₹13.02 Lakh,,,"Wakad, Pune",https://stimg.cardekho.com/pwa/img/spacer3x2.png,https://www.cardekho.com/buy-used-car-details/used-Skoda-kushaq-10-tsi-style-cars-Pune_af05b7a4-ea3c-48e8-9636-e27651f0107c.htm
2013 Hyundai i20 Sportz Petrol,"96,036 kms",Petrol,Manual,₹2.55 Lakh,,,"Wagholi, Pune",https://images10.gaadi.com/usedcar_image/4885670/original/eba38b2d2a3a5ffbd2a86b08451ae098.JPG?imwidth=640,https://www.cardekho.com/buy-used-car-details/used-Hyundai-i20-sportz-petrol-cars-Pune_d54487c2-cf39-44b3-a142-fe19e0d078a4.htm
2014 Maruti Ritz VXi,"65,014 kms",Petrol,Manual,₹2.20 Lakh,₹2.41 Lakh,"(Save ₹20,530)","Thathawade, Pune",https://images10.gaadi.com/usedcar_image/4923317/original/965472c0aa41907279f75473bd432004.jpg?imwidth=640,https://www.cardekho.com/buy-used-car-details/used-Maruti-ritz-vxi-cars-Pune_9810f918-2db8-47ae-81ee-f73fb2f38cb0.htm
2016 Volkswagen Ameo Cup Edition Comfortline,"1,17,282 kms",Petrol,Manual,₹4.63 Lakh,,,"Hadapsar, Pune",https://images10.gaadi.com/usedcar_image/4919895/original/e5871c179a6ba9e8acb97892570644c6.JPG?imwidth=640,https://www.cardekho.com/buy-used-car-details/used-Volkswagen-ameo-cup-edition-comfortline-cars-Pune_35acdb62-b55f-4a33-b332-baa74d130c11.htm
2020 Kia Seltos HTK Plus D,"35,000 kms",Diesel,Manual,₹12.50 Lakh,,,"Kothrud, Pune",https://images10.gaadi.com/usedcar_image/4866557/original/processed_5d3a19181ce73132fff44b02b2356e00.jpg?imwidth=640,https://www.cardekho.com/used-car-details/used-Kia-seltos-htk-plus-d-cars-Pune_f2d7146e-b77b-4319-9b48-a76caf2ab344.htm
2022 Kia Seltos X-Line DCT,"21,817 kms",Petrol,Automatic,₹11.50 Lakh,,,"Wakad, Pune",https://images10.gaadi.com/usedcar_image/4759313/original/146cfa0b9b437e675606c5084551efd3.JPG?imwidth=640,https://www.cardekho.com/buy-used-car-details/used-Kia-seltos-x-line-dct-cars-Pune_1770ea01-2a2c-46a0-aa29-59402da4190b.htm
2017 Hyundai Grand i10 1.2 Kappa Asta,"40,265 kms",Petrol,Manual,₹4.70 Lakh,,,"Wagholi, Pune",https://images10.gaadi.com/usedcar_image/4926053/original/afcb9eabf7174582b6a34760c0a610dc.JPG?imwidth=640,https://www.cardekho.com/buy-used-car-details/used-Hyundai-grand-i10-12-kappa-asta-cars-Pune_95ce36d4-d1d7-4272-945c-58c7e7c30728.htm
2013 Maruti Alto 800 LXi,"81,013 kms",Petrol,Manual,₹2.06 Lakh,₹2.11 Lakh,"(Save ₹5,000)","Wakad, Pune",https://stimg.cardekho.com/pwa/img/spacer3x2.png,https://www.cardekho.com/buy-used-car-details/used-Maruti-alto-800-lxi-cars-Pune_3e41a96f-a1a5-40d7-84a4-a1b7295db7b6.htm
2011 Toyota Etios G,"71,430 kms",Petrol,Manual,₹2.20 Lakh,,,"Shivajinagar, Pune",https://stimg.cardekho.com/pwa/img/spacer3x2.png,https://www.cardekho.com/buy-used-car-details/used-Toyota-etios-g-cars-Pune_513f4337-abe2-45ce-a3ba-ec456d2338a8.htm
2016 Hyundai EON Era,"32,134 kms",Petrol,Manual,₹2.57 Lakh,₹2.64 Lakh,"(Save ₹7,000)","Pashan, Pune",https://stimg.cardekho.com/pwa/img/spacer3x2.png,https://www.cardekho.com/buy-used-car-details/used-Hyundai-eon-era-cars-Pune_a3708635-3a8d-45fc-a59f-ca7fff016837.htm
2017 Maruti Wagon R CNG LXI,"70,017 kms",CNG,Manual,₹3.91 Lakh,,,"Wakad, Pune",https://stimg.cardekho.com/pwa/img/spacer3x2.png,https://www.cardekho.com/buy-used-car-details/used-Maruti-wagon-r-cng-lxi-cars-Pune_e1865a32-6de5-492e-8c67-def7d16169cb.htm
2018 Maruti Celerio ZXI AMT Optional,"38,132 kms",Petrol,Automatic,₹4.28 Lakh,₹4.37 Lakh,"(Save ₹9,000)","Wakad, Pune",https://stimg.cardekho.com/pwa/img/spacer3x2.png,https://www.cardekho.com/buy-used-car-details/used-Maruti-celerio-zxi-amt-optional-cars-Pune_5544f895-d17f-460d-97ad-cd39f7788174.htm
2014 Maruti Celerio VXI,"39,700 kms",Petrol,Manual,₹3.30 Lakh,,,"Wakad, Pune",https://stimg.cardekho.com/pwa/img/spacer3x2.png,https://www.cardekho.com/buy-used-car-details/used-Maruti-celerio-vxi-cars-Pune_aaaa93f6-c772-4c2f-8a6a-58e8ac557b7f.htm
2013 Maruti Ertiga ZXI,"48,798 kms",Petrol,Manual,₹5.38 Lakh,,,"Hadapsar, Pune",https://stimg.cardekho.com/pwa/img/spacer3x2.png,https://www.cardekho.com/buy-used-car-details/used-Maruti-ertiga-zxi-cars-Pune_fdf592e2-2cec-49eb-b2c3-675d74399c30.htm
2021 Mahindra Thar LX Hard Top AT,"36,005 kms",Petrol,Automatic,₹12.42 Lakh,,,"Wakad, Pune",https://stimg.cardekho.com/pwa/img/spacer3x2.png,https://www.cardekho.com/buy-used-car-details/used-Mahindra-thar-lx-hard-top-at-cars-Pune_2cd7b2cc-d4ff-4b6d-856d-a723bc676a51.htm
2023 Tata Tigor XZA Plus,"21,290 kms",Petrol,Automatic,₹7.09 Lakh,,,"Pashan, Pune",https://stimg.cardekho.com/pwa/img/spacer3x2.png,https://www.cardekho.com/buy-used-car-details/used-Tata-tigor-xza-plus-cars-Pune_f1105b56-2c7f-414a-82be-4385c08255d5.htm
2018 Ford Aspire Titanium Blu Diesel,"48,000 kms",Diesel,Manual,₹4.65 Lakh,,,"Rahatani, Pune",https://stimg.cardekho.com/pwa/img/spacer3x2.png,https://www.cardekho.com/used-car-details/used-Ford-aspire-titanium-blu-diesel-cars-Pune_9b923a78-aab7-4fc8-9086-566bb24fa05f.htm
2015 Maruti Swift Dzire VXI,"34,840 kms",Petrol,Manual,₹4.29 Lakh,₹4.34 Lakh,"(Save ₹5,000)","Hadapsar, Pune",https://stimg.cardekho.com/pwa/img/spacer3x2.png,https://www.cardekho.com/buy-used-car-details/used-Maruti-swift-dzire-vxi-cars-Pune_559abc60-95bc-4c0c-84c6-a375f5ea95f5.htm
2013 Hyundai i10 Era 1.1 iTech SE,"34,967 kms",Petrol,Manual,₹2.32 Lakh,₹2.37 Lakh,"(Save ₹5,000)","Pashan, Pune",https://stimg.cardekho.com/pwa/img/spacer3x2.png,https://www.cardekho.com/buy-used-car-details/used-Hyundai-i10-era-11-itech-se-cars-Pune_4e168bd4-ac9e-4d31-83ce-170a2e006c26.htm
2015 Maruti Wagon R AMT VXI,"74,689 kms",Petrol,Automatic,₹2.79 Lakh,,,"Thathawade, Pune",https://images10.gaadi.com/usedcar_image/4916366/original/0db888b801d79d6e6c45a9f17977aabb.jpg?imwidth=640,https://www.cardekho.com/buy-used-car-details/used-Maruti-wagon-r-amt-vxi-cars-Pune_85055914-4cbe-46a4-b6bf-59a0879f2a6e.htm
2022 Hyundai Grand i10 1.2 Kappa Sportz BSIV,"11,920 kms",Petrol,Manual,₹6.20 Lakh,₹6.30 Lakh,"(Save ₹10,000)","Hadapsar, Pune",https://images10.gaadi.com/usedcar_image/4871853/original/7e7abd8ecb873b3d7a43ee22ca21ab2b.JPG?imwidth=640,https://www.cardekho.com/buy-used-car-details/used-Hyundai-grand-i10-12-kappa-sportz-bsiv-cars-Pune_e3df3221-fb75-4ffe-b4e9-4be01c69ed68.htm
2021 Maruti S Cross Zeta AT,"52,000 kms",Petrol,Automatic,₹7.50 Lakh,₹7.70 Lakh,"(Save ₹20,000)","Yerwada, Pune",https://images10.gaadi.com/usedcar_image/4733358/original/processed_e6539e90edb7074fae2b77e78d29500c.jpg?imwidth=640,https://www.cardekho.com/used-car-details/used-Maruti-s-cross-zeta-at-cars-Pune_dc07524c-a548-4c79-8e4f-5f3abfdc2335.htm
